"Var1","Var2","CSEdistance","lat1","long1","lat2","long2","Pop1_cluster","Pop2_cluster"
"01-AIN","02-GAN",0.242462730833383,3.3044,31.1191,3.2521,31.1231,"north","north"
"01-AIN","03-DUK",0.31694123368636,3.3044,31.1191,3.2671,31.1352,"north","north"
"02-GAN","03-DUK",0.307637655101009,3.2521,31.1231,3.2671,31.1352,"north","north"
"03-DUK","07-OSG",0.406488224845881,3.2671,31.1352,3.211,31.7253,"north","north"
"02-GAN","07-OSG",0.373238237420712,3.2521,31.1231,3.211,31.7253,"north","north"
"01-AIN","07-OSG",0.372658865260397,3.3044,31.1191,3.211,31.7253,"north","north"
"07-OSG","08-MY",0.341656510963682,3.211,31.7253,3.6828,31.727,"north","north"
"01-AIN","08-MY",0.358633805714776,3.3044,31.1191,3.6828,31.727,"north","north"
"02-GAN","08-MY",0.351622265831175,3.2521,31.1231,3.6828,31.727,"north","north"
"03-DUK","08-MY",0.412028684415075,3.2671,31.1352,3.6828,31.727,"north","north"
"01-AIN","09-ORB",0.381051371659541,3.3044,31.1191,3.6922,31.7799,"north","north"
"08-MY","09-ORB",0.377524424412935,3.6828,31.727,3.6922,31.7799,"north","north"
"02-GAN","09-ORB",0.369211191638553,3.2521,31.1231,3.6922,31.7799,"north","north"
"07-OSG","09-ORB",0.404856278912242,3.211,31.7253,3.6922,31.7799,"north","north"
"03-DUK","09-ORB",0.280523054149871,3.2671,31.1352,3.6922,31.7799,"north","north"
"01-AIN","10-PAG",0.29717401464014,3.3044,31.1191,3.3777,31.994,"north","north"
"03-DUK","10-PAG",0.382215637282777,3.2671,31.1352,3.3777,31.994,"north","north"
"07-OSG","10-PAG",0.30008463493628,3.211,31.7253,3.3777,31.994,"north","north"
"08-MY","10-PAG",0.318976742751112,3.6828,31.727,3.3777,31.994,"north","north"
"09-ORB","10-PAG",0.356029239982989,3.6922,31.7799,3.3777,31.994,"north","north"
"02-GAN","10-PAG",0.332002270381946,3.2521,31.1231,3.3777,31.994,"north","north"
"10-PAG","12-OLO",0.257624213191567,3.3777,31.994,3.4016,32.011,"north","north"
"07-OSG","12-OLO",0.345605170181135,3.211,31.7253,3.4016,32.011,"north","north"
"08-MY","12-OLO",0.344458108609744,3.6828,31.727,3.4016,32.011,"north","north"
"01-AIN","12-OLO",0.353336913866929,3.3044,31.1191,3.4016,32.011,"north","north"
"03-DUK","12-OLO",0.404716248918203,3.2671,31.1352,3.4016,32.011,"north","north"
"09-ORB","12-OLO",0.368741304056777,3.6922,31.7799,3.4016,32.011,"north","north"
"02-GAN","12-OLO",0.370420354853396,3.2521,31.1231,3.4016,32.011,"north","north"
"03-DUK","14-OKS",0.337088985362122,3.2671,31.1352,3.2599,32.2241,"north","north"
"07-OSG","14-OKS",0.298414976778428,3.211,31.7253,3.2599,32.2241,"north","north"
"01-AIN","14-OKS",0.306422943021159,3.3044,31.1191,3.2599,32.2241,"north","north"
"12-OLO","14-OKS",0.294864715323134,3.4016,32.011,3.2599,32.2241,"north","north"
"09-ORB","14-OKS",0.307120300782917,3.6922,31.7799,3.2599,32.2241,"north","north"
"08-MY","14-OKS",0.289665083861654,3.6828,31.727,3.2599,32.2241,"north","north"
"10-PAG","14-OKS",0.259895637177286,3.3777,31.994,3.2599,32.2241,"north","north"
"02-GAN","14-OKS",0.307055935648594,3.2521,31.1231,3.2599,32.2241,"north","north"
"01-AIN","15-NGO",0.32632794677623,3.3044,31.1191,3.6687,32.5914,"north","north"
"09-ORB","15-NGO",0.375373377359491,3.6922,31.7799,3.6687,32.5914,"north","north"
"03-DUK","15-NGO",0.385709620712522,3.2671,31.1352,3.6687,32.5914,"north","north"
"02-GAN","15-NGO",0.338550125512019,3.2521,31.1231,3.6687,32.5914,"north","north"
"07-OSG","15-NGO",0.330113624880888,3.211,31.7253,3.6687,32.5914,"north","north"
"08-MY","15-NGO",0.34696991757488,3.6828,31.727,3.6687,32.5914,"north","north"
"14-OKS","15-NGO",0.281696664137491,3.2599,32.2241,3.6687,32.5914,"north","north"
"12-OLO","15-NGO",0.341313391264444,3.4016,32.011,3.6687,32.5914,"north","north"
"10-PAG","15-NGO",0.313951523314187,3.3777,31.994,3.6687,32.5914,"north","north"
"07-OSG","17-LAG",0.408769877151367,3.211,31.7253,3.4407,32.8529,"north","north"
"08-MY","17-LAG",0.386288701157606,3.6828,31.727,3.4407,32.8529,"north","north"
"12-OLO","17-LAG",0.364846755864859,3.4016,32.011,3.4407,32.8529,"north","north"
"10-PAG","17-LAG",0.379905090650922,3.3777,31.994,3.4407,32.8529,"north","north"
"09-ORB","17-LAG",0.407670897986711,3.6922,31.7799,3.4407,32.8529,"north","north"
"01-AIN","17-LAG",0.367802694598673,3.3044,31.1191,3.4407,32.8529,"north","north"
"03-DUK","17-LAG",0.414612702402639,3.2671,31.1352,3.4407,32.8529,"north","north"
"14-OKS","17-LAG",0.324774674882211,3.2599,32.2241,3.4407,32.8529,"north","north"
"02-GAN","17-LAG",0.392954372042046,3.2521,31.1231,3.4407,32.8529,"north","north"
"15-NGO","17-LAG",0.342937599298569,3.6687,32.5914,3.4407,32.8529,"north","north"
"02-GAN","18-BOL",0.34559182040251,3.2521,31.1231,3.2934,32.7822,"north","north"
"01-AIN","18-BOL",0.331903165166176,3.3044,31.1191,3.2934,32.7822,"north","north"
"14-OKS","18-BOL",0.284458038248143,3.2599,32.2241,3.2934,32.7822,"north","north"
"17-LAG","18-BOL",0.294563132962278,3.4407,32.8529,3.2934,32.7822,"north","north"
"08-MY","18-BOL",0.328783074069509,3.6828,31.727,3.2934,32.7822,"north","north"
"09-ORB","18-BOL",0.376920879302492,3.6922,31.7799,3.2934,32.7822,"north","north"
"15-NGO","18-BOL",0.310653166563907,3.6687,32.5914,3.2934,32.7822,"north","north"
"10-PAG","18-BOL",0.313240587157894,3.3777,31.994,3.2934,32.7822,"north","north"
"07-OSG","18-BOL",0.352689970848783,3.211,31.7253,3.2934,32.7822,"north","north"
"03-DUK","18-BOL",0.387501337464085,3.2671,31.1352,3.2934,32.7822,"north","north"
"12-OLO","18-BOL",0.3357392666768,3.4016,32.011,3.2934,32.7822,"north","north"
"15-NGO","19-KTC",0.342702545372164,3.6687,32.5914,3.2823,32.8232,"north","north"
"02-GAN","19-KTC",0.362872186552206,3.2521,31.1231,3.2823,32.8232,"north","north"
"08-MY","19-KTC",0.357680544759438,3.6828,31.727,3.2823,32.8232,"north","north"
"10-PAG","19-KTC",0.345808230334534,3.3777,31.994,3.2823,32.8232,"north","north"
"12-OLO","19-KTC",0.348662049232035,3.4016,32.011,3.2823,32.8232,"north","north"
"07-OSG","19-KTC",0.326723043050714,3.211,31.7253,3.2823,32.8232,"north","north"
"03-DUK","19-KTC",0.398975207396527,3.2671,31.1352,3.2823,32.8232,"north","north"
"09-ORB","19-KTC",0.380264414345032,3.6922,31.7799,3.2823,32.8232,"north","north"
"18-BOL","19-KTC",0.245963915743283,3.2934,32.7822,3.2823,32.8232,"north","north"
"14-OKS","19-KTC",0.292131873143196,3.2599,32.2241,3.2823,32.8232,"north","north"
"01-AIN","19-KTC",0.355804201029173,3.3044,31.1191,3.2823,32.8232,"north","north"
"17-LAG","19-KTC",0.331738660030881,3.4407,32.8529,3.2823,32.8232,"north","north"
"18-BOL","20-TUM",0.202868123941381,3.2934,32.7822,3.2421,32.7608,"north","north"
"10-PAG","20-TUM",0.319833323162063,3.3777,31.994,3.2421,32.7608,"north","north"
"17-LAG","20-TUM",0.325378438416671,3.4407,32.8529,3.2421,32.7608,"north","north"
"19-KTC","20-TUM",0.216314245373541,3.2823,32.8232,3.2421,32.7608,"north","north"
"02-GAN","20-TUM",0.373888008864674,3.2521,31.1231,3.2421,32.7608,"north","north"
"01-AIN","20-TUM",0.353886565738835,3.3044,31.1191,3.2421,32.7608,"north","north"
"14-OKS","20-TUM",0.28906108701007,3.2599,32.2241,3.2421,32.7608,"north","north"
"08-MY","20-TUM",0.339067580870398,3.6828,31.727,3.2421,32.7608,"north","north"
"15-NGO","20-TUM",0.335620087693621,3.6687,32.5914,3.2421,32.7608,"north","north"
"03-DUK","20-TUM",0.401877684995697,3.2671,31.1352,3.2421,32.7608,"north","north"
"07-OSG","20-TUM",0.352287871789502,3.211,31.7253,3.2421,32.7608,"north","north"
"12-OLO","20-TUM",0.351949479216781,3.4016,32.011,3.2421,32.7608,"north","north"
"09-ORB","20-TUM",0.369146853998241,3.6922,31.7799,3.2421,32.7608,"north","north"
"01-AIN","21-KT",0.354416097114552,3.3044,31.1191,3.1709,32.8049,"north","north"
"20-TUM","21-KT",0.319422229389235,3.2421,32.7608,3.1709,32.8049,"north","north"
"09-ORB","21-KT",0.395647615528343,3.6922,31.7799,3.1709,32.8049,"north","north"
"17-LAG","21-KT",0.367880861445719,3.4407,32.8529,3.1709,32.8049,"north","north"
"15-NGO","21-KT",0.327455256423296,3.6687,32.5914,3.1709,32.8049,"north","north"
"07-OSG","21-KT",0.372858709129952,3.211,31.7253,3.1709,32.8049,"north","north"
"10-PAG","21-KT",0.364129725839899,3.3777,31.994,3.1709,32.8049,"north","north"
"19-KTC","21-KT",0.296829547496298,3.2823,32.8232,3.1709,32.8049,"north","north"
"12-OLO","21-KT",0.401902381707772,3.4016,32.011,3.1709,32.8049,"north","north"
"03-DUK","21-KT",0.415602243936727,3.2671,31.1352,3.1709,32.8049,"north","north"
"14-OKS","21-KT",0.339615544151842,3.2599,32.2241,3.1709,32.8049,"north","north"
"08-MY","21-KT",0.412068897441116,3.6828,31.727,3.1709,32.8049,"north","north"
"02-GAN","21-KT",0.395808719818457,3.2521,31.1231,3.1709,32.8049,"north","north"
"18-BOL","21-KT",0.336599187567423,3.2934,32.7822,3.1709,32.8049,"north","north"
"19-KTC","22-OMI",0.252309096464661,3.2823,32.8232,3.0113,32.7323,"north","north"
"08-MY","22-OMI",0.339537460860718,3.6828,31.727,3.0113,32.7323,"north","north"
"20-TUM","22-OMI",0.244907106036215,3.2421,32.7608,3.0113,32.7323,"north","north"
"18-BOL","22-OMI",0.245711289300492,3.2934,32.7822,3.0113,32.7323,"north","north"
"07-OSG","22-OMI",0.334575691120854,3.211,31.7253,3.0113,32.7323,"north","north"
"10-PAG","22-OMI",0.312911506570574,3.3777,31.994,3.0113,32.7323,"north","north"
"21-KT","22-OMI",0.338736172916464,3.1709,32.8049,3.0113,32.7323,"north","north"
"02-GAN","22-OMI",0.361963110601112,3.2521,31.1231,3.0113,32.7323,"north","north"
"15-NGO","22-OMI",0.345972451896803,3.6687,32.5914,3.0113,32.7323,"north","north"
"03-DUK","22-OMI",0.383830161722899,3.2671,31.1352,3.0113,32.7323,"north","north"
"17-LAG","22-OMI",0.34587029463013,3.4407,32.8529,3.0113,32.7323,"north","north"
"12-OLO","22-OMI",0.337057196782758,3.4016,32.011,3.0113,32.7323,"north","north"
"14-OKS","22-OMI",0.295828833871116,3.2599,32.2241,3.0113,32.7323,"north","north"
"01-AIN","22-OMI",0.354854173494662,3.3044,31.1191,3.0113,32.7323,"north","north"
"09-ORB","22-OMI",0.356886121521312,3.6922,31.7799,3.0113,32.7323,"north","north"
"20-TUM","24-KIL",0.278741896187244,3.2421,32.7608,2.7403,32.9502,"north","north"
"12-OLO","24-KIL",0.339950989435027,3.4016,32.011,2.7403,32.9502,"north","north"
"09-ORB","24-KIL",0.373427621142829,3.6922,31.7799,2.7403,32.9502,"north","north"
"08-MY","24-KIL",0.336808269329389,3.6828,31.727,2.7403,32.9502,"north","north"
"15-NGO","24-KIL",0.356772034139225,3.6687,32.5914,2.7403,32.9502,"north","north"
"10-PAG","24-KIL",0.324715597382016,3.3777,31.994,2.7403,32.9502,"north","north"
"03-DUK","24-KIL",0.388063660754379,3.2671,31.1352,2.7403,32.9502,"north","north"
"22-OMI","24-KIL",0.273302300989269,3.0113,32.7323,2.7403,32.9502,"north","north"
"01-AIN","24-KIL",0.363534799987028,3.3044,31.1191,2.7403,32.9502,"north","north"
"14-OKS","24-KIL",0.319573942744876,3.2599,32.2241,2.7403,32.9502,"north","north"
"21-KT","24-KIL",0.373270867622509,3.1709,32.8049,2.7403,32.9502,"north","north"
"07-OSG","24-KIL",0.341169906887629,3.211,31.7253,2.7403,32.9502,"north","north"
"17-LAG","24-KIL",0.36266926586719,3.4407,32.8529,2.7403,32.9502,"north","north"
"18-BOL","24-KIL",0.281946110267056,3.2934,32.7822,2.7403,32.9502,"north","north"
"02-GAN","24-KIL",0.378641879099117,3.2521,31.1231,2.7403,32.9502,"north","north"
"19-KTC","24-KIL",0.306952020250786,3.2823,32.8232,2.7403,32.9502,"north","north"
"01-AIN","25-CHU",0.375643524844116,3.3044,31.1191,2.6069,32.9379,"north","north"
"14-OKS","25-CHU",0.313356964881416,3.2599,32.2241,2.6069,32.9379,"north","north"
"17-LAG","25-CHU",0.372461087981736,3.4407,32.8529,2.6069,32.9379,"north","north"
"22-OMI","25-CHU",0.280151234131176,3.0113,32.7323,2.6069,32.9379,"north","north"
"20-TUM","25-CHU",0.274641614241225,3.2421,32.7608,2.6069,32.9379,"north","north"
"02-GAN","25-CHU",0.370307265954383,3.2521,31.1231,2.6069,32.9379,"north","north"
"24-KIL","25-CHU",0.220817092294291,2.7403,32.9502,2.6069,32.9379,"north","north"
"03-DUK","25-CHU",0.387762687347525,3.2671,31.1352,2.6069,32.9379,"north","north"
"12-OLO","25-CHU",0.35547431681327,3.4016,32.011,2.6069,32.9379,"north","north"
"08-MY","25-CHU",0.333562968525708,3.6828,31.727,2.6069,32.9379,"north","north"
"10-PAG","25-CHU",0.360380223792296,3.3777,31.994,2.6069,32.9379,"north","north"
"09-ORB","25-CHU",0.380172052999063,3.6922,31.7799,2.6069,32.9379,"north","north"
"15-NGO","25-CHU",0.367925216628248,3.6687,32.5914,2.6069,32.9379,"north","north"
"18-BOL","25-CHU",0.267423385298171,3.2934,32.7822,2.6069,32.9379,"north","north"
"21-KT","25-CHU",0.380838478675876,3.1709,32.8049,2.6069,32.9379,"north","north"
"07-OSG","25-CHU",0.353071615872591,3.211,31.7253,2.6069,32.9379,"north","north"
"19-KTC","25-CHU",0.294999071820966,3.2823,32.8232,2.6069,32.9379,"north","north"
"09-ORB","26-OG",0.390595528228788,3.6922,31.7799,2.4384,32.9124,"north","north"
"21-KT","26-OG",0.365236723726514,3.1709,32.8049,2.4384,32.9124,"north","north"
"18-BOL","26-OG",0.26506957615039,3.2934,32.7822,2.4384,32.9124,"north","north"
"22-OMI","26-OG",0.27219752721578,3.0113,32.7323,2.4384,32.9124,"north","north"
"12-OLO","26-OG",0.345391948751523,3.4016,32.011,2.4384,32.9124,"north","north"
"01-AIN","26-OG",0.336056830719377,3.3044,31.1191,2.4384,32.9124,"north","north"
"17-LAG","26-OG",0.36711110474734,3.4407,32.8529,2.4384,32.9124,"north","north"
"15-NGO","26-OG",0.348383245641908,3.6687,32.5914,2.4384,32.9124,"north","north"
"07-OSG","26-OG",0.33520798785424,3.211,31.7253,2.4384,32.9124,"north","north"
"25-CHU","26-OG",0.21804934872329,2.6069,32.9379,2.4384,32.9124,"north","north"
"20-TUM","26-OG",0.274511534802315,3.2421,32.7608,2.4384,32.9124,"north","north"
"08-MY","26-OG",0.338538382290459,3.6828,31.727,2.4384,32.9124,"north","north"
"03-DUK","26-OG",0.363153915799218,3.2671,31.1352,2.4384,32.9124,"north","north"
"10-PAG","26-OG",0.340201547078952,3.3777,31.994,2.4384,32.9124,"north","north"
"24-KIL","26-OG",0.242281913406248,2.7403,32.9502,2.4384,32.9124,"north","north"
"19-KTC","26-OG",0.297532227978221,3.2823,32.8232,2.4384,32.9124,"north","north"
"14-OKS","26-OG",0.297077304305389,3.2599,32.2241,2.4384,32.9124,"north","north"
"02-GAN","26-OG",0.342989502196883,3.2521,31.1231,2.4384,32.9124,"north","north"
"15-NGO","27-OCA",0.325425783504563,3.6687,32.5914,2.4272,32.6285,"north","north"
"19-KTC","27-OCA",0.294428747781269,3.2823,32.8232,2.4272,32.6285,"north","north"
"17-LAG","27-OCA",0.357378065867077,3.4407,32.8529,2.4272,32.6285,"north","north"
"18-BOL","27-OCA",0.279237254446924,3.2934,32.7822,2.4272,32.6285,"north","north"
"07-OSG","27-OCA",0.318604077179464,3.211,31.7253,2.4272,32.6285,"north","north"
"12-OLO","27-OCA",0.344054845225803,3.4016,32.011,2.4272,32.6285,"north","north"
"25-CHU","27-OCA",0.216421864028268,2.6069,32.9379,2.4272,32.6285,"north","north"
"09-ORB","27-OCA",0.396604632061861,3.6922,31.7799,2.4272,32.6285,"north","north"
"14-OKS","27-OCA",0.3118995841865,3.2599,32.2241,2.4272,32.6285,"north","north"
"22-OMI","27-OCA",0.308033486259565,3.0113,32.7323,2.4272,32.6285,"north","north"
"24-KIL","27-OCA",0.247001460717235,2.7403,32.9502,2.4272,32.6285,"north","north"
"10-PAG","27-OCA",0.35386627821113,3.3777,31.994,2.4272,32.6285,"north","north"
"08-MY","27-OCA",0.330919001522132,3.6828,31.727,2.4272,32.6285,"north","north"
"21-KT","27-OCA",0.383711801874856,3.1709,32.8049,2.4272,32.6285,"north","north"
"26-OG","27-OCA",0.248962251283477,2.4384,32.9124,2.4272,32.6285,"north","north"
"01-AIN","27-OCA",0.356733453075631,3.3044,31.1191,2.4272,32.6285,"north","north"
"03-DUK","27-OCA",0.388232194120695,3.2671,31.1352,2.4272,32.6285,"north","north"
"02-GAN","27-OCA",0.343346399007787,3.2521,31.1231,2.4272,32.6285,"north","north"
"20-TUM","27-OCA",0.303913722901084,3.2421,32.7608,2.4272,32.6285,"north","north"
"03-DUK","28-AKA",0.379025103079213,3.2671,31.1352,2.3722,32.6757,"north","north"
"17-LAG","28-AKA",0.360764759614064,3.4407,32.8529,2.3722,32.6757,"north","north"
"19-KTC","28-AKA",0.289103419237562,3.2823,32.8232,2.3722,32.6757,"north","north"
"12-OLO","28-AKA",0.337544429073361,3.4016,32.011,2.3722,32.6757,"north","north"
"08-MY","28-AKA",0.374521290363237,3.6828,31.727,2.3722,32.6757,"north","north"
"10-PAG","28-AKA",0.364887365010732,3.3777,31.994,2.3722,32.6757,"north","north"
"07-OSG","28-AKA",0.349965465308003,3.211,31.7253,2.3722,32.6757,"north","north"
"21-KT","28-AKA",0.381001448843967,3.1709,32.8049,2.3722,32.6757,"north","north"
"25-CHU","28-AKA",0.209998501995861,2.6069,32.9379,2.3722,32.6757,"north","north"
"02-GAN","28-AKA",0.388971660426038,3.2521,31.1231,2.3722,32.6757,"north","north"
"18-BOL","28-AKA",0.302177666425869,3.2934,32.7822,2.3722,32.6757,"north","north"
"09-ORB","28-AKA",0.392322146806232,3.6922,31.7799,2.3722,32.6757,"north","north"
"27-OCA","28-AKA",0.228967626830709,2.4272,32.6285,2.3722,32.6757,"north","north"
"01-AIN","28-AKA",0.3735871265901,3.3044,31.1191,2.3722,32.6757,"north","north"
"20-TUM","28-AKA",0.289861057541036,3.2421,32.7608,2.3722,32.6757,"north","north"
"14-OKS","28-AKA",0.306647046263381,3.2599,32.2241,2.3722,32.6757,"north","north"
"22-OMI","28-AKA",0.290220855005461,3.0113,32.7323,2.3722,32.6757,"north","north"
"26-OG","28-AKA",0.226052898883577,2.4384,32.9124,2.3722,32.6757,"north","north"
"15-NGO","28-AKA",0.370146492419375,3.6687,32.5914,2.3722,32.6757,"north","north"
"24-KIL","28-AKA",0.232396463653871,2.7403,32.9502,2.3722,32.6757,"north","north"
"02-GAN","30-OLE",0.372158001499941,3.2521,31.1231,2.3555,32.7159,"north","north"
"19-KTC","30-OLE",0.325188603238911,3.2823,32.8232,2.3555,32.7159,"north","north"
"18-BOL","30-OLE",0.271166226998483,3.2934,32.7822,2.3555,32.7159,"north","north"
"09-ORB","30-OLE",0.388168109548346,3.6922,31.7799,2.3555,32.7159,"north","north"
"28-AKA","30-OLE",0.228404139707917,2.3722,32.6757,2.3555,32.7159,"north","north"
"12-OLO","30-OLE",0.340971200341162,3.4016,32.011,2.3555,32.7159,"north","north"
"15-NGO","30-OLE",0.357943005283047,3.6687,32.5914,2.3555,32.7159,"north","north"
"22-OMI","30-OLE",0.289119922333986,3.0113,32.7323,2.3555,32.7159,"north","north"
"03-DUK","30-OLE",0.387724100441818,3.2671,31.1352,2.3555,32.7159,"north","north"
"08-MY","30-OLE",0.352816539308457,3.6828,31.727,2.3555,32.7159,"north","north"
"20-TUM","30-OLE",0.284685347837757,3.2421,32.7608,2.3555,32.7159,"north","north"
"17-LAG","30-OLE",0.345728450370452,3.4407,32.8529,2.3555,32.7159,"north","north"
"24-KIL","30-OLE",0.251445117875959,2.7403,32.9502,2.3555,32.7159,"north","north"
"14-OKS","30-OLE",0.292119327454035,3.2599,32.2241,2.3555,32.7159,"north","north"
"27-OCA","30-OLE",0.240033433501084,2.4272,32.6285,2.3555,32.7159,"north","north"
"26-OG","30-OLE",0.223203255618227,2.4384,32.9124,2.3555,32.7159,"north","north"
"01-AIN","30-OLE",0.355937779831492,3.3044,31.1191,2.3555,32.7159,"north","north"
"07-OSG","30-OLE",0.356082898063052,3.211,31.7253,2.3555,32.7159,"north","north"
"25-CHU","30-OLE",0.23169379245462,2.6069,32.9379,2.3555,32.7159,"north","north"
"21-KT","30-OLE",0.38326242479268,3.1709,32.8049,2.3555,32.7159,"north","north"
"10-PAG","30-OLE",0.332612729762857,3.3777,31.994,2.3555,32.7159,"north","north"
"19-KTC","31-ACA",0.372248508986898,3.2823,32.8232,2.2699,32.5209,"north","north"
"07-OSG","31-ACA",0.405981697182749,3.211,31.7253,2.2699,32.5209,"north","north"
"08-MY","31-ACA",0.403422567541942,3.6828,31.727,2.2699,32.5209,"north","north"
"14-OKS","31-ACA",0.362100928578327,3.2599,32.2241,2.2699,32.5209,"north","north"
"09-ORB","31-ACA",0.394063619523802,3.6922,31.7799,2.2699,32.5209,"north","north"
"26-OG","31-ACA",0.318695273774539,2.4384,32.9124,2.2699,32.5209,"north","north"
"24-KIL","31-ACA",0.346309770184579,2.7403,32.9502,2.2699,32.5209,"north","north"
"27-OCA","31-ACA",0.303402865771149,2.4272,32.6285,2.2699,32.5209,"north","north"
"17-LAG","31-ACA",0.439821255330804,3.4407,32.8529,2.2699,32.5209,"north","north"
"18-BOL","31-ACA",0.377523775015653,3.2934,32.7822,2.2699,32.5209,"north","north"
"28-AKA","31-ACA",0.329172403720681,2.3722,32.6757,2.2699,32.5209,"north","north"
"02-GAN","31-ACA",0.424004010125154,3.2521,31.1231,2.2699,32.5209,"north","north"
"10-PAG","31-ACA",0.407028833605781,3.3777,31.994,2.2699,32.5209,"north","north"
"22-OMI","31-ACA",0.363186242556341,3.0113,32.7323,2.2699,32.5209,"north","north"
"03-DUK","31-ACA",0.36234996567842,3.2671,31.1352,2.2699,32.5209,"north","north"
"15-NGO","31-ACA",0.419282398317635,3.6687,32.5914,2.2699,32.5209,"north","north"
"01-AIN","31-ACA",0.426242887996872,3.3044,31.1191,2.2699,32.5209,"north","north"
"20-TUM","31-ACA",0.361671740830073,3.2421,32.7608,2.2699,32.5209,"north","north"
"21-KT","31-ACA",0.445744333706695,3.1709,32.8049,2.2699,32.5209,"north","north"
"25-CHU","31-ACA",0.315963884139659,2.6069,32.9379,2.2699,32.5209,"north","north"
"12-OLO","31-ACA",0.400734805825458,3.4016,32.011,2.2699,32.5209,"north","north"
"30-OLE","31-ACA",0.330672523469445,2.3555,32.7159,2.2699,32.5209,"north","north"
"22-OMI","32-APU",0.278798522091218,3.0113,32.7323,2.0794,32.6762,"north","north"
"02-GAN","32-APU",0.396356239416942,3.2521,31.1231,2.0794,32.6762,"north","north"
"03-DUK","32-APU",0.402771703479851,3.2671,31.1352,2.0794,32.6762,"north","north"
"14-OKS","32-APU",0.314063411081919,3.2599,32.2241,2.0794,32.6762,"north","north"
"28-AKA","32-APU",0.211049003988117,2.3722,32.6757,2.0794,32.6762,"north","north"
"12-OLO","32-APU",0.362275481909323,3.4016,32.011,2.0794,32.6762,"north","north"
"21-KT","32-APU",0.396863129594334,3.1709,32.8049,2.0794,32.6762,"north","north"
"27-OCA","32-APU",0.239633069175922,2.4272,32.6285,2.0794,32.6762,"north","north"
"08-MY","32-APU",0.360755484481307,3.6828,31.727,2.0794,32.6762,"north","north"
"30-OLE","32-APU",0.232414570290619,2.3555,32.7159,2.0794,32.6762,"north","north"
"15-NGO","32-APU",0.368592874263387,3.6687,32.5914,2.0794,32.6762,"north","north"
"17-LAG","32-APU",0.36896022880948,3.4407,32.8529,2.0794,32.6762,"north","north"
"25-CHU","32-APU",0.191581253322903,2.6069,32.9379,2.0794,32.6762,"north","north"
"24-KIL","32-APU",0.243281403685522,2.7403,32.9502,2.0794,32.6762,"north","north"
"31-ACA","32-APU",0.321411955855775,2.2699,32.5209,2.0794,32.6762,"north","north"
"07-OSG","32-APU",0.375847431302624,3.211,31.7253,2.0794,32.6762,"north","north"
"01-AIN","32-APU",0.399519902659196,3.3044,31.1191,2.0794,32.6762,"north","north"
"09-ORB","32-APU",0.40068661459575,3.6922,31.7799,2.0794,32.6762,"north","north"
"10-PAG","32-APU",0.385528294976766,3.3777,31.994,2.0794,32.6762,"north","north"
"20-TUM","32-APU",0.287967808409109,3.2421,32.7608,2.0794,32.6762,"north","north"
"18-BOL","32-APU",0.281269965352502,3.2934,32.7822,2.0794,32.6762,"north","north"
"26-OG","32-APU",0.21417055508436,2.4384,32.9124,2.0794,32.6762,"north","north"
"19-KTC","32-APU",0.302027602330875,3.2823,32.8232,2.0794,32.6762,"north","north"
"27-OCA","33-AP",0.290180263330313,2.4272,32.6285,1.9756,32.5386,"north","north"
"19-KTC","33-AP",0.377367361945471,3.2823,32.8232,1.9756,32.5386,"north","north"
"24-KIL","33-AP",0.309436378247845,2.7403,32.9502,1.9756,32.5386,"north","north"
"21-KT","33-AP",0.440043899287952,3.1709,32.8049,1.9756,32.5386,"north","north"
"22-OMI","33-AP",0.353759795012639,3.0113,32.7323,1.9756,32.5386,"north","north"
"12-OLO","33-AP",0.400576520171722,3.4016,32.011,1.9756,32.5386,"north","north"
"26-OG","33-AP",0.300737729389017,2.4384,32.9124,1.9756,32.5386,"north","north"
"10-PAG","33-AP",0.394665688132731,3.3777,31.994,1.9756,32.5386,"north","north"
"31-ACA","33-AP",0.337557333679372,2.2699,32.5209,1.9756,32.5386,"north","north"
"20-TUM","33-AP",0.34120361469917,3.2421,32.7608,1.9756,32.5386,"north","north"
"08-MY","33-AP",0.424447161821823,3.6828,31.727,1.9756,32.5386,"north","north"
"15-NGO","33-AP",0.414542504902311,3.6687,32.5914,1.9756,32.5386,"north","north"
"02-GAN","33-AP",0.447446701308438,3.2521,31.1231,1.9756,32.5386,"north","north"
"01-AIN","33-AP",0.42450181280602,3.3044,31.1191,1.9756,32.5386,"north","north"
"18-BOL","33-AP",0.355547197437766,3.2934,32.7822,1.9756,32.5386,"north","north"
"17-LAG","33-AP",0.42335375787982,3.4407,32.8529,1.9756,32.5386,"north","north"
"25-CHU","33-AP",0.302676159900789,2.6069,32.9379,1.9756,32.5386,"north","north"
"28-AKA","33-AP",0.280501622675028,2.3722,32.6757,1.9756,32.5386,"north","north"
"03-DUK","33-AP",0.434451378563832,3.2671,31.1352,1.9756,32.5386,"north","north"
"07-OSG","33-AP",0.406450154145527,3.211,31.7253,1.9756,32.5386,"north","north"
"30-OLE","33-AP",0.275350016906076,2.3555,32.7159,1.9756,32.5386,"north","north"
"14-OKS","33-AP",0.371959079528308,3.2599,32.2241,1.9756,32.5386,"north","north"
"09-ORB","33-AP",0.439532935314997,3.6922,31.7799,1.9756,32.5386,"north","north"
"32-APU","33-AP",0.272351215952901,2.0794,32.6762,1.9756,32.5386,"north","north"
"01-AIN","36-UGT",0.441809825920798,3.3044,31.1191,1.9081,33.1602,"north","north"
"30-OLE","36-UGT",0.289644943761306,2.3555,32.7159,1.9081,33.1602,"north","north"
"25-CHU","36-UGT",0.253021882588142,2.6069,32.9379,1.9081,33.1602,"north","north"
"33-AP","36-UGT",0.335816584159823,1.9756,32.5386,1.9081,33.1602,"north","north"
"19-KTC","36-UGT",0.385378819797194,3.2823,32.8232,1.9081,33.1602,"north","north"
"26-OG","36-UGT",0.21173591647279,2.4384,32.9124,1.9081,33.1602,"north","north"
"32-APU","36-UGT",0.253668553537615,2.0794,32.6762,1.9081,33.1602,"north","north"
"31-ACA","36-UGT",0.392662341748973,2.2699,32.5209,1.9081,33.1602,"north","north"
"10-PAG","36-UGT",0.429219360622337,3.3777,31.994,1.9081,33.1602,"north","north"
"14-OKS","36-UGT",0.381652141595147,3.2599,32.2241,1.9081,33.1602,"north","north"
"17-LAG","36-UGT",0.446028084770161,3.4407,32.8529,1.9081,33.1602,"north","north"
"15-NGO","36-UGT",0.418744719607439,3.6687,32.5914,1.9081,33.1602,"north","north"
"20-TUM","36-UGT",0.331674941584481,3.2421,32.7608,1.9081,33.1602,"north","north"
"12-OLO","36-UGT",0.427565710554069,3.4016,32.011,1.9081,33.1602,"north","north"
"27-OCA","36-UGT",0.328580503067601,2.4272,32.6285,1.9081,33.1602,"north","north"
"03-DUK","36-UGT",0.44051996783774,3.2671,31.1352,1.9081,33.1602,"north","north"
"08-MY","36-UGT",0.419448167160943,3.6828,31.727,1.9081,33.1602,"north","north"
"28-AKA","36-UGT",0.304555229580631,2.3722,32.6757,1.9081,33.1602,"north","north"
"02-GAN","36-UGT",0.446325077135102,3.2521,31.1231,1.9081,33.1602,"north","north"
"22-OMI","36-UGT",0.351245955736893,3.0113,32.7323,1.9081,33.1602,"north","north"
"24-KIL","36-UGT",0.30157191473751,2.7403,32.9502,1.9081,33.1602,"north","north"
"07-OSG","36-UGT",0.426447382760423,3.211,31.7253,1.9081,33.1602,"north","north"
"09-ORB","36-UGT",0.439453044935837,3.6922,31.7799,1.9081,33.1602,"north","north"
"21-KT","36-UGT",0.441238533012806,3.1709,32.8049,1.9081,33.1602,"north","north"
"18-BOL","36-UGT",0.333877034959961,3.2934,32.7822,1.9081,33.1602,"north","north"
"22-OMI","37-OT",0.390448100309541,3.0113,32.7323,1.8767,33.2557,"north","north"
"10-PAG","37-OT",0.432249408556891,3.3777,31.994,1.8767,33.2557,"north","north"
"24-KIL","37-OT",0.335193855388871,2.7403,32.9502,1.8767,33.2557,"north","north"
"09-ORB","37-OT",0.452800821436192,3.6922,31.7799,1.8767,33.2557,"north","north"
"08-MY","37-OT",0.435195969649639,3.6828,31.727,1.8767,33.2557,"north","north"
"36-UGT","37-OT",0.235715938138577,1.9081,33.1602,1.8767,33.2557,"north","north"
"17-LAG","37-OT",0.430264723159289,3.4407,32.8529,1.8767,33.2557,"north","north"
"28-AKA","37-OT",0.326708996861797,2.3722,32.6757,1.8767,33.2557,"north","north"
"03-DUK","37-OT",0.440497010892925,3.2671,31.1352,1.8767,33.2557,"north","north"
"32-APU","37-OT",0.312873868815424,2.0794,32.6762,1.8767,33.2557,"north","north"
"20-TUM","37-OT",0.346407259567817,3.2421,32.7608,1.8767,33.2557,"north","north"
"27-OCA","37-OT",0.372981898376548,2.4272,32.6285,1.8767,33.2557,"north","north"
"07-OSG","37-OT",0.44472839873721,3.211,31.7253,1.8767,33.2557,"north","north"
"31-ACA","37-OT",0.414951717464495,2.2699,32.5209,1.8767,33.2557,"north","north"
"18-BOL","37-OT",0.357811979745235,3.2934,32.7822,1.8767,33.2557,"north","north"
"14-OKS","37-OT",0.380113230423138,3.2599,32.2241,1.8767,33.2557,"north","north"
"12-OLO","37-OT",0.438956811565965,3.4016,32.011,1.8767,33.2557,"north","north"
"25-CHU","37-OT",0.319491122787678,2.6069,32.9379,1.8767,33.2557,"north","north"
"02-GAN","37-OT",0.458794064214749,3.2521,31.1231,1.8767,33.2557,"north","north"
"15-NGO","37-OT",0.436690815391712,3.6687,32.5914,1.8767,33.2557,"north","north"
"19-KTC","37-OT",0.406772057126752,3.2823,32.8232,1.8767,33.2557,"north","north"
"30-OLE","37-OT",0.297087397273412,2.3555,32.7159,1.8767,33.2557,"north","north"
"21-KT","37-OT",0.44905475681579,3.1709,32.8049,1.8767,33.2557,"north","north"
"26-OG","37-OT",0.287125961880545,2.4384,32.9124,1.8767,33.2557,"north","north"
"33-AP","37-OT",0.388476811627345,1.9756,32.5386,1.8767,33.2557,"north","north"
"01-AIN","37-OT",0.44739073788754,3.3044,31.1191,1.8767,33.2557,"north","north"
"07-OSG","38-OCU",0.429027180119114,3.211,31.7253,1.847,33.1526,"north","north"
"20-TUM","38-OCU",0.327636667428502,3.2421,32.7608,1.847,33.1526,"north","north"
"03-DUK","38-OCU",0.444158271048374,3.2671,31.1352,1.847,33.1526,"north","north"
"25-CHU","38-OCU",0.285744948127713,2.6069,32.9379,1.847,33.1526,"north","north"
"09-ORB","38-OCU",0.441204828510831,3.6922,31.7799,1.847,33.1526,"north","north"
"32-APU","38-OCU",0.297031124735291,2.0794,32.6762,1.847,33.1526,"north","north"
"36-UGT","38-OCU",0.187839516976147,1.9081,33.1602,1.847,33.1526,"north","north"
"14-OKS","38-OCU",0.385525814176909,3.2599,32.2241,1.847,33.1526,"north","north"
"08-MY","38-OCU",0.423319153625924,3.6828,31.727,1.847,33.1526,"north","north"
"21-KT","38-OCU",0.460369347014655,3.1709,32.8049,1.847,33.1526,"north","north"
"31-ACA","38-OCU",0.42640590273605,2.2699,32.5209,1.847,33.1526,"north","north"
"15-NGO","38-OCU",0.428851076816288,3.6687,32.5914,1.847,33.1526,"north","north"
"33-AP","38-OCU",0.364591268238178,1.9756,32.5386,1.847,33.1526,"north","north"
"01-AIN","38-OCU",0.444692208639863,3.3044,31.1191,1.847,33.1526,"north","north"
"26-OG","38-OCU",0.256430069460401,2.4384,32.9124,1.847,33.1526,"north","north"
"02-GAN","38-OCU",0.444984594003809,3.2521,31.1231,1.847,33.1526,"north","north"
"12-OLO","38-OCU",0.423619615382454,3.4016,32.011,1.847,33.1526,"north","north"
"19-KTC","38-OCU",0.409177249585916,3.2823,32.8232,1.847,33.1526,"north","north"
"37-OT","38-OCU",0.20220732000396,1.8767,33.2557,1.847,33.1526,"north","north"
"28-AKA","38-OCU",0.315551855286429,2.3722,32.6757,1.847,33.1526,"north","north"
"22-OMI","38-OCU",0.363865596400126,3.0113,32.7323,1.847,33.1526,"north","north"
"30-OLE","38-OCU",0.29967143367323,2.3555,32.7159,1.847,33.1526,"north","north"
"10-PAG","38-OCU",0.416944319740287,3.3777,31.994,1.847,33.1526,"north","north"
"18-BOL","38-OCU",0.336327304674329,3.2934,32.7822,1.847,33.1526,"north","north"
"24-KIL","38-OCU",0.312103737011751,2.7403,32.9502,1.847,33.1526,"north","north"
"17-LAG","38-OCU",0.448427958422457,3.4407,32.8529,1.847,33.1526,"north","north"
"27-OCA","38-OCU",0.367629250432738,2.4272,32.6285,1.847,33.1526,"north","north"
"14-OKS","40-KAG",0.370244276665958,3.2599,32.2241,1.8025,33.1034,"north","north"
"22-OMI","40-KAG",0.346058805371503,3.0113,32.7323,1.8025,33.1034,"north","north"
"09-ORB","40-KAG",0.442259243034436,3.6922,31.7799,1.8025,33.1034,"north","north"
"20-TUM","40-KAG",0.308204694337458,3.2421,32.7608,1.8025,33.1034,"north","north"
"17-LAG","40-KAG",0.421933109235863,3.4407,32.8529,1.8025,33.1034,"north","north"
"36-UGT","40-KAG",0.195294736981885,1.9081,33.1602,1.8025,33.1034,"north","north"
"38-OCU","40-KAG",0.190761752243172,1.847,33.1526,1.8025,33.1034,"north","north"
"07-OSG","40-KAG",0.429335721703474,3.211,31.7253,1.8025,33.1034,"north","north"
"21-KT","40-KAG",0.43043429537112,3.1709,32.8049,1.8025,33.1034,"north","north"
"15-NGO","40-KAG",0.401700679019994,3.6687,32.5914,1.8025,33.1034,"north","north"
"10-PAG","40-KAG",0.410445279195618,3.3777,31.994,1.8025,33.1034,"north","north"
"08-MY","40-KAG",0.418413497384549,3.6828,31.727,1.8025,33.1034,"north","north"
"28-AKA","40-KAG",0.31075027970061,2.3722,32.6757,1.8025,33.1034,"north","north"
"31-ACA","40-KAG",0.400339272234285,2.2699,32.5209,1.8025,33.1034,"north","north"
"27-OCA","40-KAG",0.345852829911266,2.4272,32.6285,1.8025,33.1034,"north","north"
"30-OLE","40-KAG",0.293729425779699,2.3555,32.7159,1.8025,33.1034,"north","north"
"24-KIL","40-KAG",0.324197822414016,2.7403,32.9502,1.8025,33.1034,"north","north"
"01-AIN","40-KAG",0.436911589936713,3.3044,31.1191,1.8025,33.1034,"north","north"
"02-GAN","40-KAG",0.448088684332533,3.2521,31.1231,1.8025,33.1034,"north","north"
"25-CHU","40-KAG",0.286255204323096,2.6069,32.9379,1.8025,33.1034,"north","north"
"32-APU","40-KAG",0.278893828707212,2.0794,32.6762,1.8025,33.1034,"north","north"
"33-AP","40-KAG",0.355310447526743,1.9756,32.5386,1.8025,33.1034,"north","north"
"03-DUK","40-KAG",0.448292028624147,3.2671,31.1352,1.8025,33.1034,"north","north"
"18-BOL","40-KAG",0.310261866748787,3.2934,32.7822,1.8025,33.1034,"north","north"
"12-OLO","40-KAG",0.413023913716684,3.4016,32.011,1.8025,33.1034,"north","north"
"26-OG","40-KAG",0.254647003591518,2.4384,32.9124,1.8025,33.1034,"north","north"
"37-OT","40-KAG",0.227502666830859,1.8767,33.2557,1.8025,33.1034,"north","north"
"19-KTC","40-KAG",0.375479209342321,3.2823,32.8232,1.8025,33.1034,"north","north"
"17-LAG","43-OS",0.495324450041737,3.4407,32.8529,1.5252,33.497,"north","north"
"21-KT","43-OS",0.455553897601139,3.1709,32.8049,1.5252,33.497,"north","north"
"28-AKA","43-OS",0.403235724668919,2.3722,32.6757,1.5252,33.497,"north","north"
"31-ACA","43-OS",0.452321018909729,2.2699,32.5209,1.5252,33.497,"north","north"
"40-KAG","43-OS",0.358671366330967,1.8025,33.1034,1.5252,33.497,"north","north"
"15-NGO","43-OS",0.433584586773001,3.6687,32.5914,1.5252,33.497,"north","north"
"36-UGT","43-OS",0.340059044127771,1.9081,33.1602,1.5252,33.497,"north","north"
"20-TUM","43-OS",0.425540908477804,3.2421,32.7608,1.5252,33.497,"north","north"
"32-APU","43-OS",0.387417232019998,2.0794,32.6762,1.5252,33.497,"north","north"
"12-OLO","43-OS",0.48066639808216,3.4016,32.011,1.5252,33.497,"north","north"
"38-OCU","43-OS",0.391568606731589,1.847,33.1526,1.5252,33.497,"north","north"
"30-OLE","43-OS",0.391321937239877,2.3555,32.7159,1.5252,33.497,"north","north"
"19-KTC","43-OS",0.450672179702039,3.2823,32.8232,1.5252,33.497,"north","north"
"26-OG","43-OS",0.374852246682845,2.4384,32.9124,1.5252,33.497,"north","north"
"24-KIL","43-OS",0.411982205716605,2.7403,32.9502,1.5252,33.497,"north","north"
"10-PAG","43-OS",0.487938910249452,3.3777,31.994,1.5252,33.497,"north","north"
"27-OCA","43-OS",0.41001768771505,2.4272,32.6285,1.5252,33.497,"north","north"
"18-BOL","43-OS",0.418037327397543,3.2934,32.7822,1.5252,33.497,"north","north"
"01-AIN","43-OS",0.459304285044627,3.3044,31.1191,1.5252,33.497,"north","north"
"07-OSG","43-OS",0.47122760775299,3.211,31.7253,1.5252,33.497,"north","north"
"14-OKS","43-OS",0.429421241378658,3.2599,32.2241,1.5252,33.497,"north","north"
"02-GAN","43-OS",0.469271463685377,3.2521,31.1231,1.5252,33.497,"north","north"
"37-OT","43-OS",0.345422497924376,1.8767,33.2557,1.5252,33.497,"north","north"
"09-ORB","43-OS",0.481522042634228,3.6922,31.7799,1.5252,33.497,"north","north"
"03-DUK","43-OS",0.474478579654658,3.2671,31.1352,1.5252,33.497,"north","north"
"25-CHU","43-OS",0.366700021965716,2.6069,32.9379,1.5252,33.497,"north","north"
"22-OMI","43-OS",0.44809381257988,3.0113,32.7323,1.5252,33.497,"north","north"
"33-AP","43-OS",0.444579500056769,1.9756,32.5386,1.5252,33.497,"north","north"
"08-MY","43-OS",0.47384971556076,3.6828,31.727,1.5252,33.497,"north","north"
"14-OKS","44-MK",0.502946172380589,3.2599,32.2241,1.3471,33.8933,"north","north"
"27-OCA","44-MK",0.486232019731434,2.4272,32.6285,1.3471,33.8933,"north","north"
"03-DUK","44-MK",0.528446183091566,3.2671,31.1352,1.3471,33.8933,"north","north"
"08-MY","44-MK",0.556330203019987,3.6828,31.727,1.3471,33.8933,"north","north"
"10-PAG","44-MK",0.566066613523781,3.3777,31.994,1.3471,33.8933,"north","north"
"19-KTC","44-MK",0.533882895573809,3.2823,32.8232,1.3471,33.8933,"north","north"
"24-KIL","44-MK",0.482767778283753,2.7403,32.9502,1.3471,33.8933,"north","north"
"30-OLE","44-MK",0.45156225907285,2.3555,32.7159,1.3471,33.8933,"north","north"
"07-OSG","44-MK",0.55444750056894,3.211,31.7253,1.3471,33.8933,"north","north"
"15-NGO","44-MK",0.499395817362763,3.6687,32.5914,1.3471,33.8933,"north","north"
"26-OG","44-MK",0.444846390451902,2.4384,32.9124,1.3471,33.8933,"north","north"
"25-CHU","44-MK",0.448282849162015,2.6069,32.9379,1.3471,33.8933,"north","north"
"36-UGT","44-MK",0.383732616524183,1.9081,33.1602,1.3471,33.8933,"north","north"
"20-TUM","44-MK",0.495358667851832,3.2421,32.7608,1.3471,33.8933,"north","north"
"01-AIN","44-MK",0.539727260504281,3.3044,31.1191,1.3471,33.8933,"north","north"
"17-LAG","44-MK",0.548477014163504,3.4407,32.8529,1.3471,33.8933,"north","north"
"40-KAG","44-MK",0.41806451473261,1.8025,33.1034,1.3471,33.8933,"north","north"
"32-APU","44-MK",0.439157807361287,2.0794,32.6762,1.3471,33.8933,"north","north"
"21-KT","44-MK",0.564513790610855,3.1709,32.8049,1.3471,33.8933,"north","north"
"18-BOL","44-MK",0.485512589991822,3.2934,32.7822,1.3471,33.8933,"north","north"
"37-OT","44-MK",0.381471657052042,1.8767,33.2557,1.3471,33.8933,"north","north"
"22-OMI","44-MK",0.517044491568751,3.0113,32.7323,1.3471,33.8933,"north","north"
"28-AKA","44-MK",0.484225809853977,2.3722,32.6757,1.3471,33.8933,"north","north"
"02-GAN","44-MK",0.529767125184496,3.2521,31.1231,1.3471,33.8933,"north","north"
"12-OLO","44-MK",0.549008758757037,3.4016,32.011,1.3471,33.8933,"north","north"
"33-AP","44-MK",0.497716605505152,1.9756,32.5386,1.3471,33.8933,"north","north"
"38-OCU","44-MK",0.419144819351748,1.847,33.1526,1.3471,33.8933,"north","north"
"09-ORB","44-MK",0.545599410103735,3.6922,31.7799,1.3471,33.8933,"north","north"
"31-ACA","44-MK",0.504356914302097,2.2699,32.5209,1.3471,33.8933,"north","north"
"43-OS","44-MK",0.278995012467447,1.5252,33.497,1.3471,33.8933,"north","north"
"07-OSG","45-BKD",0.5209184270664,3.211,31.7253,1.3491,34.0444,"north","north"
"44-MK","45-BKD",0.249737130341963,1.3471,33.8933,1.3491,34.0444,"north","north"
"37-OT","45-BKD",0.357391262808794,1.8767,33.2557,1.3491,34.0444,"north","north"
"30-OLE","45-BKD",0.406332120548705,2.3555,32.7159,1.3491,34.0444,"north","north"
"25-CHU","45-BKD",0.399601289107837,2.6069,32.9379,1.3491,34.0444,"north","north"
"32-APU","45-BKD",0.390785147845538,2.0794,32.6762,1.3491,34.0444,"north","north"
"33-AP","45-BKD",0.46959158912793,1.9756,32.5386,1.3491,34.0444,"north","north"
"03-DUK","45-BKD",0.510004028221567,3.2671,31.1352,1.3491,34.0444,"north","north"
"31-ACA","45-BKD",0.482659317660579,2.2699,32.5209,1.3491,34.0444,"north","north"
"21-KT","45-BKD",0.524496754890481,3.1709,32.8049,1.3491,34.0444,"north","north"
"38-OCU","45-BKD",0.375297329823279,1.847,33.1526,1.3491,34.0444,"north","north"
"01-AIN","45-BKD",0.532187580527569,3.3044,31.1191,1.3491,34.0444,"north","north"
"24-KIL","45-BKD",0.454316631418748,2.7403,32.9502,1.3491,34.0444,"north","north"
"10-PAG","45-BKD",0.541340102853949,3.3777,31.994,1.3491,34.0444,"north","north"
"28-AKA","45-BKD",0.448059867036053,2.3722,32.6757,1.3491,34.0444,"north","north"
"14-OKS","45-BKD",0.460636724510993,3.2599,32.2241,1.3491,34.0444,"north","north"
"15-NGO","45-BKD",0.459759689737727,3.6687,32.5914,1.3491,34.0444,"north","north"
"17-LAG","45-BKD",0.507348654730179,3.4407,32.8529,1.3491,34.0444,"north","north"
"36-UGT","45-BKD",0.356723056532684,1.9081,33.1602,1.3491,34.0444,"north","north"
"09-ORB","45-BKD",0.506809603166373,3.6922,31.7799,1.3491,34.0444,"north","north"
"40-KAG","45-BKD",0.38480764903137,1.8025,33.1034,1.3491,34.0444,"north","north"
"26-OG","45-BKD",0.413345104558495,2.4384,32.9124,1.3491,34.0444,"north","north"
"19-KTC","45-BKD",0.47983164556996,3.2823,32.8232,1.3491,34.0444,"north","north"
"12-OLO","45-BKD",0.524989538072539,3.4016,32.011,1.3491,34.0444,"north","north"
"08-MY","45-BKD",0.507982536172221,3.6828,31.727,1.3491,34.0444,"north","north"
"20-TUM","45-BKD",0.44491661959259,3.2421,32.7608,1.3491,34.0444,"north","north"
"18-BOL","45-BKD",0.430537845632107,3.2934,32.7822,1.3491,34.0444,"north","north"
"22-OMI","45-BKD",0.469890835187544,3.0113,32.7323,1.3491,34.0444,"north","north"
"02-GAN","45-BKD",0.511970011611067,3.2521,31.1231,1.3491,34.0444,"north","north"
"27-OCA","45-BKD",0.450420675409527,2.4272,32.6285,1.3491,34.0444,"north","north"
"43-OS","45-BKD",0.329599967633416,1.5252,33.497,1.3491,34.0444,"north","north"
"07-OSG","46-PT",0.507411498521305,3.211,31.7253,1.1488,33.7969,"north","north"
"18-BOL","46-PT",0.44504303486783,3.2934,32.7822,1.1488,33.7969,"north","north"
"24-KIL","46-PT",0.457459028868796,2.7403,32.9502,1.1488,33.7969,"north","north"
"31-ACA","46-PT",0.453494140889863,2.2699,32.5209,1.1488,33.7969,"north","north"
"21-KT","46-PT",0.511065372684121,3.1709,32.8049,1.1488,33.7969,"north","north"
"22-OMI","46-PT",0.473476907769997,3.0113,32.7323,1.1488,33.7969,"north","north"
"43-OS","46-PT",0.253657183077255,1.5252,33.497,1.1488,33.7969,"north","north"
"26-OG","46-PT",0.413075972213342,2.4384,32.9124,1.1488,33.7969,"north","north"
"09-ORB","46-PT",0.516612730751345,3.6922,31.7799,1.1488,33.7969,"north","north"
"36-UGT","46-PT",0.394528414290323,1.9081,33.1602,1.1488,33.7969,"north","north"
"33-AP","46-PT",0.46650423567062,1.9756,32.5386,1.1488,33.7969,"north","north"
"25-CHU","46-PT",0.415018275806806,2.6069,32.9379,1.1488,33.7969,"north","north"
"14-OKS","46-PT",0.446536539355462,3.2599,32.2241,1.1488,33.7969,"north","north"
"20-TUM","46-PT",0.446991828800358,3.2421,32.7608,1.1488,33.7969,"north","north"
"10-PAG","46-PT",0.505045652643107,3.3777,31.994,1.1488,33.7969,"north","north"
"17-LAG","46-PT",0.506499009170356,3.4407,32.8529,1.1488,33.7969,"north","north"
"08-MY","46-PT",0.492115773018496,3.6828,31.727,1.1488,33.7969,"north","north"
"27-OCA","46-PT",0.448669823161535,2.4272,32.6285,1.1488,33.7969,"north","north"
"30-OLE","46-PT",0.421597163206305,2.3555,32.7159,1.1488,33.7969,"north","north"
"32-APU","46-PT",0.418680057811661,2.0794,32.6762,1.1488,33.7969,"north","north"
"40-KAG","46-PT",0.40999868845217,1.8025,33.1034,1.1488,33.7969,"north","north"
"28-AKA","46-PT",0.434191343064526,2.3722,32.6757,1.1488,33.7969,"north","north"
"15-NGO","46-PT",0.453800795135435,3.6687,32.5914,1.1488,33.7969,"north","north"
"12-OLO","46-PT",0.499320633766065,3.4016,32.011,1.1488,33.7969,"north","north"
"19-KTC","46-PT",0.479650257273996,3.2823,32.8232,1.1488,33.7969,"north","north"
"45-BKD","46-PT",0.310923941795085,1.3491,34.0444,1.1488,33.7969,"north","north"
"01-AIN","46-PT",0.483551508733426,3.3044,31.1191,1.1488,33.7969,"north","north"
"03-DUK","46-PT",0.495922473484711,3.2671,31.1352,1.1488,33.7969,"north","north"
"44-MK","46-PT",0.2441201839741,1.3471,33.8933,1.1488,33.7969,"north","north"
"38-OCU","46-PT",0.421309505061548,1.847,33.1526,1.1488,33.7969,"north","north"
"37-OT","46-PT",0.378528363777692,1.8767,33.2557,1.1488,33.7969,"north","north"
"02-GAN","46-PT",0.477154503496477,3.2521,31.1231,1.1488,33.7969,"north","north"
"38-OCU","47-BK",0.4119460886961,1.847,33.1526,1.0068,33.8574,"north","north"
"09-ORB","47-BK",0.501818464225769,3.6922,31.7799,1.0068,33.8574,"north","north"
"18-BOL","47-BK",0.421707247607794,3.2934,32.7822,1.0068,33.8574,"north","north"
"22-OMI","47-BK",0.45325407063187,3.0113,32.7323,1.0068,33.8574,"north","north"
"20-TUM","47-BK",0.432996234925638,3.2421,32.7608,1.0068,33.8574,"north","north"
"40-KAG","47-BK",0.397542754894587,1.8025,33.1034,1.0068,33.8574,"north","north"
"17-LAG","47-BK",0.498214446448489,3.4407,32.8529,1.0068,33.8574,"north","north"
"27-OCA","47-BK",0.425119917677011,2.4272,32.6285,1.0068,33.8574,"north","north"
"08-MY","47-BK",0.481228307592849,3.6828,31.727,1.0068,33.8574,"north","north"
"01-AIN","47-BK",0.469472745352634,3.3044,31.1191,1.0068,33.8574,"north","north"
"33-AP","47-BK",0.465184023155234,1.9756,32.5386,1.0068,33.8574,"north","north"
"15-NGO","47-BK",0.419654282680866,3.6687,32.5914,1.0068,33.8574,"north","north"
"46-PT","47-BK",0.158220399405216,1.1488,33.7969,1.0068,33.8574,"north","north"
"07-OSG","47-BK",0.478490899686836,3.211,31.7253,1.0068,33.8574,"north","north"
"36-UGT","47-BK",0.382569752403959,1.9081,33.1602,1.0068,33.8574,"north","north"
"30-OLE","47-BK",0.421742631343967,2.3555,32.7159,1.0068,33.8574,"north","north"
"28-AKA","47-BK",0.429937638422344,2.3722,32.6757,1.0068,33.8574,"north","north"
"03-DUK","47-BK",0.488523344479729,3.2671,31.1352,1.0068,33.8574,"north","north"
"12-OLO","47-BK",0.494762407781254,3.4016,32.011,1.0068,33.8574,"north","north"
"44-MK","47-BK",0.251419941968143,1.3471,33.8933,1.0068,33.8574,"north","north"
"26-OG","47-BK",0.404122790146792,2.4384,32.9124,1.0068,33.8574,"north","north"
"31-ACA","47-BK",0.446601129289711,2.2699,32.5209,1.0068,33.8574,"north","north"
"24-KIL","47-BK",0.437298020067184,2.7403,32.9502,1.0068,33.8574,"north","north"
"21-KT","47-BK",0.481801199609663,3.1709,32.8049,1.0068,33.8574,"north","north"
"14-OKS","47-BK",0.438106416314992,3.2599,32.2241,1.0068,33.8574,"north","north"
"43-OS","47-BK",0.247690170208469,1.5252,33.497,1.0068,33.8574,"north","north"
"02-GAN","47-BK",0.462548270919438,3.2521,31.1231,1.0068,33.8574,"north","north"
"10-PAG","47-BK",0.49794848892527,3.3777,31.994,1.0068,33.8574,"north","north"
"25-CHU","47-BK",0.396498952570254,2.6069,32.9379,1.0068,33.8574,"north","north"
"37-OT","47-BK",0.381876625592957,1.8767,33.2557,1.0068,33.8574,"north","north"
"45-BKD","47-BK",0.295119030300911,1.3491,34.0444,1.0068,33.8574,"north","north"
"32-APU","47-BK",0.391851344757215,2.0794,32.6762,1.0068,33.8574,"north","north"
"19-KTC","47-BK",0.46459459937576,3.2823,32.8232,1.0068,33.8574,"north","north"
"24-KIL","48-BN",0.395582849878548,2.7403,32.9502,0.9355,33.9768,"north","north"
"25-CHU","48-BN",0.368987410255348,2.6069,32.9379,0.9355,33.9768,"north","north"
"30-OLE","48-BN",0.378765420048974,2.3555,32.7159,0.9355,33.9768,"north","north"
"36-UGT","48-BN",0.367932608844915,1.9081,33.1602,0.9355,33.9768,"north","north"
"09-ORB","48-BN",0.445369447369011,3.6922,31.7799,0.9355,33.9768,"north","north"
"26-OG","48-BN",0.370050063606299,2.4384,32.9124,0.9355,33.9768,"north","north"
"47-BK","48-BN",0.217926886267832,1.0068,33.8574,0.9355,33.9768,"north","north"
"28-AKA","48-BN",0.396459254567648,2.3722,32.6757,0.9355,33.9768,"north","north"
"08-MY","48-BN",0.414342232449872,3.6828,31.727,0.9355,33.9768,"north","north"
"19-KTC","48-BN",0.409814935277126,3.2823,32.8232,0.9355,33.9768,"north","north"
"33-AP","48-BN",0.428457229457033,1.9756,32.5386,0.9355,33.9768,"north","north"
"20-TUM","48-BN",0.376620100211489,3.2421,32.7608,0.9355,33.9768,"north","north"
"02-GAN","48-BN",0.436358639389652,3.2521,31.1231,0.9355,33.9768,"north","north"
"07-OSG","48-BN",0.417791151014597,3.211,31.7253,0.9355,33.9768,"north","north"
"17-LAG","48-BN",0.45323674661978,3.4407,32.8529,0.9355,33.9768,"north","north"
"40-KAG","48-BN",0.36237487945207,1.8025,33.1034,0.9355,33.9768,"north","north"
"45-BKD","48-BN",0.373540211181687,1.3491,34.0444,0.9355,33.9768,"north","north"
"01-AIN","48-BN",0.418368056414548,3.3044,31.1191,0.9355,33.9768,"north","north"
"27-OCA","48-BN",0.403871399499008,2.4272,32.6285,0.9355,33.9768,"north","north"
"38-OCU","48-BN",0.391164870580407,1.847,33.1526,0.9355,33.9768,"north","north"
"21-KT","48-BN",0.40222032603621,3.1709,32.8049,0.9355,33.9768,"north","north"
"10-PAG","48-BN",0.419826519205567,3.3777,31.994,0.9355,33.9768,"north","north"
"37-OT","48-BN",0.369966299154824,1.8767,33.2557,0.9355,33.9768,"north","north"
"31-ACA","48-BN",0.429167723454448,2.2699,32.5209,0.9355,33.9768,"north","north"
"43-OS","48-BN",0.268524104719007,1.5252,33.497,0.9355,33.9768,"north","north"
"18-BOL","48-BN",0.37248572190865,3.2934,32.7822,0.9355,33.9768,"north","north"
"03-DUK","48-BN",0.451666035173544,3.2671,31.1352,0.9355,33.9768,"north","north"
"32-APU","48-BN",0.37221474439915,2.0794,32.6762,0.9355,33.9768,"north","north"
"46-PT","48-BN",0.267034698356116,1.1488,33.7969,0.9355,33.9768,"north","north"
"14-OKS","48-BN",0.394878298356217,3.2599,32.2241,0.9355,33.9768,"north","north"
"44-MK","48-BN",0.362930187825428,1.3471,33.8933,0.9355,33.9768,"north","north"
"12-OLO","48-BN",0.438380095192852,3.4016,32.011,0.9355,33.9768,"north","north"
"15-NGO","48-BN",0.375790686640681,3.6687,32.5914,0.9355,33.9768,"north","north"
"22-OMI","48-BN",0.396970094172665,3.0113,32.7323,0.9355,33.9768,"north","north"
"50-KB","51-MF",0.316456648545349,0.9772,30.5465,2.272,31.6362,"south","south"
"50-KB","52-KR",0.327557180409353,0.9772,30.5465,2.2427,32.2397,"south","south"
"51-MF","52-KR",0.206096181322506,2.272,31.6362,2.2427,32.2397,"south","south"
"51-MF","54-MS",0.3803161279087,2.272,31.6362,1.6303,31.691,"south","south"
"50-KB","54-MS",0.385038129690433,0.9772,30.5465,1.6303,31.691,"south","south"
"52-KR","54-MS",0.381911707455068,2.2427,32.2397,1.6303,31.691,"south","south"
"54-MS","55-KAF",0.410072771454187,1.6303,31.691,1.5422,32.0406,"south","south"
"52-KR","55-KAF",0.330791870498446,2.2427,32.2397,1.5422,32.0406,"south","south"
"51-MF","55-KAF",0.370700521511086,2.272,31.6362,1.5422,32.0406,"south","south"
"50-KB","55-KAF",0.406600567215907,0.9772,30.5465,1.5422,32.0406,"south","south"
"55-KAF","56-MA",0.536482903743754,1.5422,32.0406,-0.3564,31.9852,"south","south"
"52-KR","56-MA",0.53578841047854,2.2427,32.2397,-0.3564,31.9852,"south","south"
"51-MF","56-MA",0.551957519086369,2.272,31.6362,-0.3564,31.9852,"south","south"
"50-KB","56-MA",0.591405959528314,0.9772,30.5465,-0.3564,31.9852,"south","south"
"54-MS","56-MA",0.587202474472281,1.6303,31.691,-0.3564,31.9852,"south","south"
"50-KB","57-KG",0.574960759660141,0.9772,30.5465,-0.2267,32.1083,"south","south"
"56-MA","57-KG",0.153330429991825,-0.3564,31.9852,-0.2267,32.1083,"south","south"
"51-MF","57-KG",0.540490592323738,2.272,31.6362,-0.2267,32.1083,"south","south"
"55-KAF","57-KG",0.537794756122266,1.5422,32.0406,-0.2267,32.1083,"south","south"
"54-MS","57-KG",0.572581569485435,1.6303,31.691,-0.2267,32.1083,"south","south"
"52-KR","57-KG",0.529565929231315,2.2427,32.2397,-0.2267,32.1083,"south","south"
"54-MS","58-SS",0.545244860079206,1.6303,31.691,-0.5022,32.1691,"south","south"
"50-KB","58-SS",0.562747787128104,0.9772,30.5465,-0.5022,32.1691,"south","south"
"56-MA","58-SS",0.168086282203743,-0.3564,31.9852,-0.5022,32.1691,"south","south"
"51-MF","58-SS",0.523125967891815,2.272,31.6362,-0.5022,32.1691,"south","south"
"57-KG","58-SS",0.140721299770793,-0.2267,32.1083,-0.5022,32.1691,"south","south"
"52-KR","58-SS",0.507140773381543,2.2427,32.2397,-0.5022,32.1691,"south","south"
"55-KAF","58-SS",0.520721326496933,1.5422,32.0406,-0.5022,32.1691,"south","south"
"55-KAF","59-EB",0.478765383059771,1.5422,32.0406,0.0823,32.4852,"south","south"
"52-KR","59-EB",0.462282066996327,2.2427,32.2397,0.0823,32.4852,"south","south"
"54-MS","59-EB",0.561515060469243,1.6303,31.691,0.0823,32.4852,"south","south"
"51-MF","59-EB",0.493000334146062,2.272,31.6362,0.0823,32.4852,"south","south"
"56-MA","59-EB",0.373166468485476,-0.3564,31.9852,0.0823,32.4852,"south","south"
"58-SS","59-EB",0.376420664995034,-0.5022,32.1691,0.0823,32.4852,"south","south"
"57-KG","59-EB",0.374282546314004,-0.2267,32.1083,0.0823,32.4852,"south","south"
"50-KB","59-EB",0.571369540575263,0.9772,30.5465,0.0823,32.4852,"south","south"
"55-KAF","60-NA",0.54197879784257,1.5422,32.0406,0.0703,32.5085,"south","south"
"51-MF","60-NA",0.518632331441541,2.272,31.6362,0.0703,32.5085,"south","south"
"50-KB","60-NA",0.586642614062293,0.9772,30.5465,0.0703,32.5085,"south","south"
"57-KG","60-NA",0.344060003455808,-0.2267,32.1083,0.0703,32.5085,"south","south"
"59-EB","60-NA",0.265619948719853,0.0823,32.4852,0.0703,32.5085,"south","south"
"52-KR","60-NA",0.495384019311427,2.2427,32.2397,0.0703,32.5085,"south","south"
"56-MA","60-NA",0.358809679132794,-0.3564,31.9852,0.0703,32.5085,"south","south"
"58-SS","60-NA",0.341513314318468,-0.5022,32.1691,0.0703,32.5085,"south","south"
"54-MS","60-NA",0.580123293989044,1.6303,31.691,0.0703,32.5085,"south","south"
"60-NA","61-KO",0.269331571089803,0.0703,32.5085,-0.0911,32.6879,"south","south"
"50-KB","61-KO",0.583665357263009,0.9772,30.5465,-0.0911,32.6879,"south","south"
"59-EB","61-KO",0.316415275776474,0.0823,32.4852,-0.0911,32.6879,"south","south"
"51-MF","61-KO",0.536028539185147,2.272,31.6362,-0.0911,32.6879,"south","south"
"56-MA","61-KO",0.357969627562321,-0.3564,31.9852,-0.0911,32.6879,"south","south"
"52-KR","61-KO",0.514239943491153,2.2427,32.2397,-0.0911,32.6879,"south","south"
"55-KAF","61-KO",0.555692750563957,1.5422,32.0406,-0.0911,32.6879,"south","south"
"58-SS","61-KO",0.352612120985256,-0.5022,32.1691,-0.0911,32.6879,"south","south"
"57-KG","61-KO",0.363286611012663,-0.2267,32.1083,-0.0911,32.6879,"south","south"
"54-MS","61-KO",0.582096033238596,1.6303,31.691,-0.0911,32.6879,"south","south"
"52-KR","62-NS",0.511353248166211,2.2427,32.2397,-0.0956,32.6296,"south","south"
"61-KO","62-NS",0.1710221067707,-0.0911,32.6879,-0.0956,32.6296,"south","south"
"59-EB","62-NS",0.324362598376742,0.0823,32.4852,-0.0956,32.6296,"south","south"
"51-MF","62-NS",0.528414239832097,2.272,31.6362,-0.0956,32.6296,"south","south"
"50-KB","62-NS",0.578029166614975,0.9772,30.5465,-0.0956,32.6296,"south","south"
"58-SS","62-NS",0.390865755710871,-0.5022,32.1691,-0.0956,32.6296,"south","south"
"60-NA","62-NS",0.321808950102891,0.0703,32.5085,-0.0956,32.6296,"south","south"
"54-MS","62-NS",0.574345916217302,1.6303,31.691,-0.0956,32.6296,"south","south"
"57-KG","62-NS",0.403153972307137,-0.2267,32.1083,-0.0956,32.6296,"south","south"
"55-KAF","62-NS",0.545067543329388,1.5422,32.0406,-0.0956,32.6296,"south","south"
"56-MA","62-NS",0.382649233622627,-0.3564,31.9852,-0.0956,32.6296,"south","south"
"59-EB","63-DB",0.301780604413155,0.0823,32.4852,0.0127,32.7659,"south","south"
"61-KO","63-DB",0.146219644589971,-0.0911,32.6879,0.0127,32.7659,"south","south"
"56-MA","63-DB",0.396600888000618,-0.3564,31.9852,0.0127,32.7659,"south","south"
"55-KAF","63-DB",0.563788227485074,1.5422,32.0406,0.0127,32.7659,"south","south"
"52-KR","63-DB",0.511410709951618,2.2427,32.2397,0.0127,32.7659,"south","south"
"62-NS","63-DB",0.209776154124907,-0.0956,32.6296,0.0127,32.7659,"south","south"
"54-MS","63-DB",0.584487760082962,1.6303,31.691,0.0127,32.7659,"south","south"
"58-SS","63-DB",0.37922796029978,-0.5022,32.1691,0.0127,32.7659,"south","south"
"50-KB","63-DB",0.592799912852527,0.9772,30.5465,0.0127,32.7659,"south","south"
"57-KG","63-DB",0.391473440377411,-0.2267,32.1083,0.0127,32.7659,"south","south"
"51-MF","63-DB",0.528101579104066,2.272,31.6362,0.0127,32.7659,"south","south"
"60-NA","63-DB",0.242377559798164,0.0703,32.5085,0.0127,32.7659,"south","south"
"58-SS","64-KL",0.321998034813788,-0.5022,32.1691,0.1667,32.7667,"south","south"
"63-DB","64-KL",0.186508134259973,0.0127,32.7659,0.1667,32.7667,"south","south"
"52-KR","64-KL",0.455344305203204,2.2427,32.2397,0.1667,32.7667,"south","south"
"51-MF","64-KL",0.477937186261531,2.272,31.6362,0.1667,32.7667,"south","south"
"50-KB","64-KL",0.544432753757602,0.9772,30.5465,0.1667,32.7667,"south","south"
"59-EB","64-KL",0.26613605200976,0.0823,32.4852,0.1667,32.7667,"south","south"
"61-KO","64-KL",0.199194961573657,-0.0911,32.6879,0.1667,32.7667,"south","south"
"60-NA","64-KL",0.213557904463774,0.0703,32.5085,0.1667,32.7667,"south","south"
"54-MS","64-KL",0.543376196593011,1.6303,31.691,0.1667,32.7667,"south","south"
"57-KG","64-KL",0.335691549126518,-0.2267,32.1083,0.1667,32.7667,"south","south"
"56-MA","64-KL",0.349099442402409,-0.3564,31.9852,0.1667,32.7667,"south","south"
"62-NS","64-KL",0.269602535214067,-0.0956,32.6296,0.1667,32.7667,"south","south"
"55-KAF","64-KL",0.492106610730888,1.5422,32.0406,0.1667,32.7667,"south","south"
"61-KO","65-BZ",0.384084372792241,-0.0911,32.6879,0.1716,33.1883,"south","south"
"54-MS","65-BZ",0.511533772228843,1.6303,31.691,0.1716,33.1883,"south","south"
"64-KL","65-BZ",0.329489069344149,0.1667,32.7667,0.1716,33.1883,"south","south"
"62-NS","65-BZ",0.370626456654187,-0.0956,32.6296,0.1716,33.1883,"south","south"
"52-KR","65-BZ",0.428545742914821,2.2427,32.2397,0.1716,33.1883,"south","south"
"50-KB","65-BZ",0.51341056148875,0.9772,30.5465,0.1716,33.1883,"south","south"
"51-MF","65-BZ",0.445465817555605,2.272,31.6362,0.1716,33.1883,"south","south"
"58-SS","65-BZ",0.423635276205556,-0.5022,32.1691,0.1716,33.1883,"south","south"
"63-DB","65-BZ",0.362201772253836,0.0127,32.7659,0.1716,33.1883,"south","south"
"55-KAF","65-BZ",0.468088193234758,1.5422,32.0406,0.1716,33.1883,"south","south"
"57-KG","65-BZ",0.457255880341658,-0.2267,32.1083,0.1716,33.1883,"south","south"
"59-EB","65-BZ",0.354118618411199,0.0823,32.4852,0.1716,33.1883,"south","south"
"56-MA","65-BZ",0.448803020561072,-0.3564,31.9852,0.1716,33.1883,"south","south"
"60-NA","65-BZ",0.42856414915169,0.0703,32.5085,0.1716,33.1883,"south","south"
"57-KG","66-BY",0.455601595147859,-0.2267,32.1083,0.0675,33.2684,"south","south"
"50-KB","66-BY",0.500302613843917,0.9772,30.5465,0.0675,33.2684,"south","south"
"63-DB","66-BY",0.372065372531428,0.0127,32.7659,0.0675,33.2684,"south","south"
"65-BZ","66-BY",0.182895686468131,0.1716,33.1883,0.0675,33.2684,"south","south"
"59-EB","66-BY",0.37401285111706,0.0823,32.4852,0.0675,33.2684,"south","south"
"55-KAF","66-BY",0.468393852565837,1.5422,32.0406,0.0675,33.2684,"south","south"
"56-MA","66-BY",0.450474105753727,-0.3564,31.9852,0.0675,33.2684,"south","south"
"61-KO","66-BY",0.386596173152712,-0.0911,32.6879,0.0675,33.2684,"south","south"
"64-KL","66-BY",0.323062016608176,0.1667,32.7667,0.0675,33.2684,"south","south"
"62-NS","66-BY",0.389753202182177,-0.0956,32.6296,0.0675,33.2684,"south","south"
"54-MS","66-BY",0.522597345750504,1.6303,31.691,0.0675,33.2684,"south","south"
"51-MF","66-BY",0.439698015077703,2.272,31.6362,0.0675,33.2684,"south","south"
"58-SS","66-BY",0.424709304980544,-0.5022,32.1691,0.0675,33.2684,"south","south"
"52-KR","66-BY",0.423715462272687,2.2427,32.2397,0.0675,33.2684,"south","south"
"60-NA","66-BY",0.430063561042286,0.0703,32.5085,0.0675,33.2684,"south","south"
"55-KAF","68-LI",0.447283286789302,1.5422,32.0406,0.3168,33.3532,"south","south"
"51-MF","68-LI",0.420489666928307,2.272,31.6362,0.3168,33.3532,"south","south"
"50-KB","68-LI",0.485335066616324,0.9772,30.5465,0.3168,33.3532,"south","south"
"57-KG","68-LI",0.41671663748715,-0.2267,32.1083,0.3168,33.3532,"south","south"
"66-BY","68-LI",0.176523346859661,0.0675,33.2684,0.3168,33.3532,"south","south"
"63-DB","68-LI",0.347543111560452,0.0127,32.7659,0.3168,33.3532,"south","south"
"54-MS","68-LI",0.506840128805902,1.6303,31.691,0.3168,33.3532,"south","south"
"52-KR","68-LI",0.398324601353758,2.2427,32.2397,0.3168,33.3532,"south","south"
"59-EB","68-LI",0.317444330131823,0.0823,32.4852,0.3168,33.3532,"south","south"
"65-BZ","68-LI",0.20269287795628,0.1716,33.1883,0.3168,33.3532,"south","south"
"61-KO","68-LI",0.353399138734014,-0.0911,32.6879,0.3168,33.3532,"south","south"
"64-KL","68-LI",0.292397311228614,0.1667,32.7667,0.3168,33.3532,"south","south"
"62-NS","68-LI",0.35671242638552,-0.0956,32.6296,0.3168,33.3532,"south","south"
"60-NA","68-LI",0.389058042107842,0.0703,32.5085,0.3168,33.3532,"south","south"
"58-SS","68-LI",0.393327473068,-0.5022,32.1691,0.3168,33.3532,"south","south"
"56-MA","68-LI",0.407925181772595,-0.3564,31.9852,0.3168,33.3532,"south","south"
"60-NA","69-BV",0.358482307330786,0.0703,32.5085,0.4742,33.3824,"south","south"
"52-KR","69-BV",0.434293820950512,2.2427,32.2397,0.4742,33.3824,"south","south"
"65-BZ","69-BV",0.233810354256373,0.1716,33.1883,0.4742,33.3824,"south","south"
"51-MF","69-BV",0.446427169127142,2.272,31.6362,0.4742,33.3824,"south","south"
"62-NS","69-BV",0.355909703770604,-0.0956,32.6296,0.4742,33.3824,"south","south"
"61-KO","69-BV",0.338996758059406,-0.0911,32.6879,0.4742,33.3824,"south","south"
"58-SS","69-BV",0.363087237792518,-0.5022,32.1691,0.4742,33.3824,"south","south"
"64-KL","69-BV",0.262501340470588,0.1667,32.7667,0.4742,33.3824,"south","south"
"59-EB","69-BV",0.372509672286176,0.0823,32.4852,0.4742,33.3824,"south","south"
"55-KAF","69-BV",0.477782448685829,1.5422,32.0406,0.4742,33.3824,"south","south"
"68-LI","69-BV",0.206076490594559,0.3168,33.3532,0.4742,33.3824,"south","south"
"63-DB","69-BV",0.325375239479855,0.0127,32.7659,0.4742,33.3824,"south","south"
"57-KG","69-BV",0.394842065015462,-0.2267,32.1083,0.4742,33.3824,"south","south"
"54-MS","69-BV",0.509761477692199,1.6303,31.691,0.4742,33.3824,"south","south"
"66-BY","69-BV",0.209773376567487,0.0675,33.2684,0.4742,33.3824,"south","south"
"56-MA","69-BV",0.398525466096289,-0.3564,31.9852,0.4742,33.3824,"south","south"
"50-KB","69-BV",0.500879436165093,0.9772,30.5465,0.4742,33.3824,"south","south"
"66-BY","70-MGG",0.187609674164297,0.0675,33.2684,0.4222,33.4559,"south","south"
"69-BV","70-MGG",0.214182932975317,0.4742,33.3824,0.4222,33.4559,"south","south"
"63-DB","70-MGG",0.371561238848265,0.0127,32.7659,0.4222,33.4559,"south","south"
"62-NS","70-MGG",0.392547689784934,-0.0956,32.6296,0.4222,33.4559,"south","south"
"55-KAF","70-MGG",0.470525093838826,1.5422,32.0406,0.4222,33.4559,"south","south"
"57-KG","70-MGG",0.436626989423392,-0.2267,32.1083,0.4222,33.4559,"south","south"
"60-NA","70-MGG",0.398379636661836,0.0703,32.5085,0.4222,33.4559,"south","south"
"51-MF","70-MGG",0.425737665788425,2.272,31.6362,0.4222,33.4559,"south","south"
"50-KB","70-MGG",0.489073996635937,0.9772,30.5465,0.4222,33.4559,"south","south"
"52-KR","70-MGG",0.419975908036247,2.2427,32.2397,0.4222,33.4559,"south","south"
"61-KO","70-MGG",0.379389319580277,-0.0911,32.6879,0.4222,33.4559,"south","south"
"58-SS","70-MGG",0.398386079710823,-0.5022,32.1691,0.4222,33.4559,"south","south"
"65-BZ","70-MGG",0.228331019921936,0.1716,33.1883,0.4222,33.4559,"south","south"
"64-KL","70-MGG",0.315870873297055,0.1667,32.7667,0.4222,33.4559,"south","south"
"56-MA","70-MGG",0.431745169020986,-0.3564,31.9852,0.4222,33.4559,"south","south"
"59-EB","70-MGG",0.36202218314403,0.0823,32.4852,0.4222,33.4559,"south","south"
"54-MS","70-MGG",0.512763012541384,1.6303,31.691,0.4222,33.4559,"south","south"
"68-LI","70-MGG",0.178235550297939,0.3168,33.3532,0.4222,33.4559,"south","south"
"51-MF","71-BD",0.446647098746601,2.272,31.6362,0.5208,33.1209,"south","south"
"66-BY","71-BD",0.226346371204051,0.0675,33.2684,0.5208,33.1209,"south","south"
"57-KG","71-BD",0.43794009257653,-0.2267,32.1083,0.5208,33.1209,"south","south"
"65-BZ","71-BD",0.246329104677204,0.1716,33.1883,0.5208,33.1209,"south","south"
"50-KB","71-BD",0.50315412664106,0.9772,30.5465,0.5208,33.1209,"south","south"
"68-LI","71-BD",0.224032469466717,0.3168,33.3532,0.5208,33.1209,"south","south"
"60-NA","71-BD",0.410006351717136,0.0703,32.5085,0.5208,33.1209,"south","south"
"54-MS","71-BD",0.514064704862232,1.6303,31.691,0.5208,33.1209,"south","south"
"70-MGG","71-BD",0.241929086494319,0.4222,33.4559,0.5208,33.1209,"south","south"
"64-KL","71-BD",0.318741547328572,0.1667,32.7667,0.5208,33.1209,"south","south"
"61-KO","71-BD",0.374529305676845,-0.0911,32.6879,0.5208,33.1209,"south","south"
"63-DB","71-BD",0.363311141655735,0.0127,32.7659,0.5208,33.1209,"south","south"
"55-KAF","71-BD",0.449242652247707,1.5422,32.0406,0.5208,33.1209,"south","south"
"62-NS","71-BD",0.368542333780609,-0.0956,32.6296,0.5208,33.1209,"south","south"
"69-BV","71-BD",0.242014058389882,0.4742,33.3824,0.5208,33.1209,"south","south"
"52-KR","71-BD",0.428897839124061,2.2427,32.2397,0.5208,33.1209,"south","south"
"56-MA","71-BD",0.429767318933802,-0.3564,31.9852,0.5208,33.1209,"south","south"
"59-EB","71-BD",0.344842953609335,0.0823,32.4852,0.5208,33.1209,"south","south"
"58-SS","71-BD",0.412911929320859,-0.5022,32.1691,0.5208,33.1209,"south","south"
"52-KR","72-JN",0.396851080699359,2.2427,32.2397,1.3367,32.7247,"south","south"
"63-DB","72-JN",0.344389517368289,0.0127,32.7659,1.3367,32.7247,"south","south"
"71-BD","72-JN",0.331924851499871,0.5208,33.1209,1.3367,32.7247,"south","south"
"64-KL","72-JN",0.321287022930339,0.1667,32.7667,1.3367,32.7247,"south","south"
"69-BV","72-JN",0.349476763330778,0.4742,33.3824,1.3367,32.7247,"south","south"
"61-KO","72-JN",0.370022465902572,-0.0911,32.6879,1.3367,32.7247,"south","south"
"55-KAF","72-JN",0.437394327040429,1.5422,32.0406,1.3367,32.7247,"south","south"
"57-KG","72-JN",0.459559110693558,-0.2267,32.1083,1.3367,32.7247,"south","south"
"65-BZ","72-JN",0.369537185182835,0.1716,33.1883,1.3367,32.7247,"south","south"
"68-LI","72-JN",0.34458245903305,0.3168,33.3532,1.3367,32.7247,"south","south"
"62-NS","72-JN",0.384786751424276,-0.0956,32.6296,1.3367,32.7247,"south","south"
"50-KB","72-JN",0.483555831747739,0.9772,30.5465,1.3367,32.7247,"south","south"
"59-EB","72-JN",0.38587774404914,0.0823,32.4852,1.3367,32.7247,"south","south"
"54-MS","72-JN",0.510969993700435,1.6303,31.691,1.3367,32.7247,"south","south"
"58-SS","72-JN",0.461601573795619,-0.5022,32.1691,1.3367,32.7247,"south","south"
"51-MF","72-JN",0.417747523365705,2.272,31.6362,1.3367,32.7247,"south","south"
"60-NA","72-JN",0.373486922252031,0.0703,32.5085,1.3367,32.7247,"south","south"
"56-MA","72-JN",0.480450484010399,-0.3564,31.9852,1.3367,32.7247,"south","south"
"70-MGG","72-JN",0.362023042468673,0.4222,33.4559,1.3367,32.7247,"south","south"
"66-BY","72-JN",0.360716674293617,0.0675,33.2684,1.3367,32.7247,"south","south"
"61-KO","73-IGG",0.352507851461278,-0.0911,32.6879,0.7312,33.5861,"south","south"
"50-KB","73-IGG",0.487891957975274,0.9772,30.5465,0.7312,33.5861,"south","south"
"51-MF","73-IGG",0.422664255032515,2.272,31.6362,0.7312,33.5861,"south","south"
"59-EB","73-IGG",0.351681995633062,0.0823,32.4852,0.7312,33.5861,"south","south"
"70-MGG","73-IGG",0.185675580226729,0.4222,33.4559,0.7312,33.5861,"south","south"
"64-KL","73-IGG",0.310081049473837,0.1667,32.7667,0.7312,33.5861,"south","south"
"52-KR","73-IGG",0.410206727688537,2.2427,32.2397,0.7312,33.5861,"south","south"
"66-BY","73-IGG",0.262374775185713,0.0675,33.2684,0.7312,33.5861,"south","south"
"58-SS","73-IGG",0.402728912404969,-0.5022,32.1691,0.7312,33.5861,"south","south"
"54-MS","73-IGG",0.511108098172004,1.6303,31.691,0.7312,33.5861,"south","south"
"71-BD","73-IGG",0.279634243509238,0.5208,33.1209,0.7312,33.5861,"south","south"
"68-LI","73-IGG",0.215979683094697,0.3168,33.3532,0.7312,33.5861,"south","south"
"69-BV","73-IGG",0.263727044630362,0.4742,33.3824,0.7312,33.5861,"south","south"
"63-DB","73-IGG",0.358822684355294,0.0127,32.7659,0.7312,33.5861,"south","south"
"72-JN","73-IGG",0.351735399044807,1.3367,32.7247,0.7312,33.5861,"south","south"
"57-KG","73-IGG",0.434381509703078,-0.2267,32.1083,0.7312,33.5861,"south","south"
"65-BZ","73-IGG",0.273383278748205,0.1716,33.1883,0.7312,33.5861,"south","south"
"56-MA","73-IGG",0.426218448601619,-0.3564,31.9852,0.7312,33.5861,"south","south"
"62-NS","73-IGG",0.365800744921564,-0.0956,32.6296,0.7312,33.5861,"south","south"
"55-KAF","73-IGG",0.459248669942759,1.5422,32.0406,0.7312,33.5861,"south","south"
"60-NA","73-IGG",0.384349899351926,0.0703,32.5085,0.7312,33.5861,"south","south"
"64-KL","74-NAM",0.346906815117365,0.1667,32.7667,0.845,33.7406,"south","south"
"72-JN","74-NAM",0.387524504552588,1.3367,32.7247,0.845,33.7406,"south","south"
"65-BZ","74-NAM",0.295274271050867,0.1716,33.1883,0.845,33.7406,"south","south"
"68-LI","74-NAM",0.279519640455458,0.3168,33.3532,0.845,33.7406,"south","south"
"50-KB","74-NAM",0.494263907567069,0.9772,30.5465,0.845,33.7406,"south","south"
"55-KAF","74-NAM",0.470642504870648,1.5422,32.0406,0.845,33.7406,"south","south"
"71-BD","74-NAM",0.280524901976737,0.5208,33.1209,0.845,33.7406,"south","south"
"73-IGG","74-NAM",0.25845720755433,0.7312,33.5861,0.845,33.7406,"south","south"
"56-MA","74-NAM",0.450893186467678,-0.3564,31.9852,0.845,33.7406,"south","south"
"61-KO","74-NAM",0.39661135822079,-0.0911,32.6879,0.845,33.7406,"south","south"
"66-BY","74-NAM",0.281226584619492,0.0675,33.2684,0.845,33.7406,"south","south"
"60-NA","74-NAM",0.415970439413982,0.0703,32.5085,0.845,33.7406,"south","south"
"59-EB","74-NAM",0.368841114717711,0.0823,32.4852,0.845,33.7406,"south","south"
"52-KR","74-NAM",0.433033825487426,2.2427,32.2397,0.845,33.7406,"south","south"
"51-MF","74-NAM",0.43547229747748,2.272,31.6362,0.845,33.7406,"south","south"
"54-MS","74-NAM",0.51090026874797,1.6303,31.691,0.845,33.7406,"south","south"
"57-KG","74-NAM",0.455381671900153,-0.2267,32.1083,0.845,33.7406,"south","south"
"58-SS","74-NAM",0.411719948184979,-0.5022,32.1691,0.845,33.7406,"south","south"
"63-DB","74-NAM",0.387155060881355,0.0127,32.7659,0.845,33.7406,"south","south"
"62-NS","74-NAM",0.415338938811793,-0.0956,32.6296,0.845,33.7406,"south","south"
"70-MGG","74-NAM",0.262788862020182,0.4222,33.4559,0.845,33.7406,"south","south"
"69-BV","74-NAM",0.29311937114389,0.4742,33.3824,0.845,33.7406,"south","south"
"50-KB","76-TB",0.501801436301379,0.9772,30.5465,0.5916,34.0586,"south","south"
"60-NA","76-TB",0.447647327733209,0.0703,32.5085,0.5916,34.0586,"south","south"
"73-IGG","76-TB",0.372015517242004,0.7312,33.5861,0.5916,34.0586,"south","south"
"64-KL","76-TB",0.408598305824705,0.1667,32.7667,0.5916,34.0586,"south","south"
"65-BZ","76-TB",0.417348453593987,0.1716,33.1883,0.5916,34.0586,"south","south"
"74-NAM","76-TB",0.351197925641927,0.845,33.7406,0.5916,34.0586,"south","south"
"59-EB","76-TB",0.44792332145665,0.0823,32.4852,0.5916,34.0586,"south","south"
"57-KG","76-TB",0.426251859637812,-0.2267,32.1083,0.5916,34.0586,"south","south"
"51-MF","76-TB",0.468382560297035,2.272,31.6362,0.5916,34.0586,"south","south"
"56-MA","76-TB",0.421706602372592,-0.3564,31.9852,0.5916,34.0586,"south","south"
"69-BV","76-TB",0.376982960759038,0.4742,33.3824,0.5916,34.0586,"south","south"
"62-NS","76-TB",0.472468321438193,-0.0956,32.6296,0.5916,34.0586,"south","south"
"61-KO","76-TB",0.454604359272288,-0.0911,32.6879,0.5916,34.0586,"south","south"
"70-MGG","76-TB",0.370624219304484,0.4222,33.4559,0.5916,34.0586,"south","south"
"54-MS","76-TB",0.528661022026006,1.6303,31.691,0.5916,34.0586,"south","south"
"55-KAF","76-TB",0.513595935281974,1.5422,32.0406,0.5916,34.0586,"south","south"
"58-SS","76-TB",0.407704537959753,-0.5022,32.1691,0.5916,34.0586,"south","south"
"71-BD","76-TB",0.396329703895286,0.5208,33.1209,0.5916,34.0586,"south","south"
"66-BY","76-TB",0.371396800022898,0.0675,33.2684,0.5916,34.0586,"south","south"
"68-LI","76-TB",0.377092867519252,0.3168,33.3532,0.5916,34.0586,"south","south"
"52-KR","76-TB",0.473751933254769,2.2427,32.2397,0.5916,34.0586,"south","south"
"63-DB","76-TB",0.467179622343463,0.0127,32.7659,0.5916,34.0586,"south","south"
"72-JN","76-TB",0.453632552457852,1.3367,32.7247,0.5916,34.0586,"south","south"
"50-KB","78-OK",0.465148637239008,0.9772,30.5465,0.5194,34.119,"south","south"
"63-DB","78-OK",0.390382257890562,0.0127,32.7659,0.5194,34.119,"south","south"
"55-KAF","78-OK",0.453136819078247,1.5422,32.0406,0.5194,34.119,"south","south"
"56-MA","78-OK",0.448303660527492,-0.3564,31.9852,0.5194,34.119,"south","south"
"66-BY","78-OK",0.2703178346615,0.0675,33.2684,0.5194,34.119,"south","south"
"59-EB","78-OK",0.367284573512008,0.0823,32.4852,0.5194,34.119,"south","south"
"52-KR","78-OK",0.416079933193602,2.2427,32.2397,0.5194,34.119,"south","south"
"70-MGG","78-OK",0.246444532892756,0.4222,33.4559,0.5194,34.119,"south","south"
"65-BZ","78-OK",0.296952737601274,0.1716,33.1883,0.5194,34.119,"south","south"
"58-SS","78-OK",0.435047878501297,-0.5022,32.1691,0.5194,34.119,"south","south"
"72-JN","78-OK",0.34720317796665,1.3367,32.7247,0.5194,34.119,"south","south"
"76-TB","78-OK",0.31328126664376,0.5916,34.0586,0.5194,34.119,"south","south"
"60-NA","78-OK",0.409669746674238,0.0703,32.5085,0.5194,34.119,"south","south"
"61-KO","78-OK",0.391606800362643,-0.0911,32.6879,0.5194,34.119,"south","south"
"64-KL","78-OK",0.333059951192686,0.1667,32.7667,0.5194,34.119,"south","south"
"54-MS","78-OK",0.508480372821415,1.6303,31.691,0.5194,34.119,"south","south"
"71-BD","78-OK",0.285437719131981,0.5208,33.1209,0.5194,34.119,"south","south"
"51-MF","78-OK",0.428710855309966,2.272,31.6362,0.5194,34.119,"south","south"
"68-LI","78-OK",0.264933615470694,0.3168,33.3532,0.5194,34.119,"south","south"
"62-NS","78-OK",0.405599019425922,-0.0956,32.6296,0.5194,34.119,"south","south"
"74-NAM","78-OK",0.255901343046729,0.845,33.7406,0.5194,34.119,"south","south"
"69-BV","78-OK",0.303941608431858,0.4742,33.3824,0.5194,34.119,"south","south"
"73-IGG","78-OK",0.23474993004825,0.7312,33.5861,0.5194,34.119,"south","south"
"57-KG","78-OK",0.447864627894618,-0.2267,32.1083,0.5194,34.119,"south","south"
"69-BV","79-BU",0.279496107287141,0.4742,33.3824,0.2434,33.9932,"south","south"
"57-KG","79-BU",0.396801723579205,-0.2267,32.1083,0.2434,33.9932,"south","south"
"61-KO","79-BU",0.369084199640134,-0.0911,32.6879,0.2434,33.9932,"south","south"
"73-IGG","79-BU",0.228958217183262,0.7312,33.5861,0.2434,33.9932,"south","south"
"72-JN","79-BU",0.348806199329044,1.3367,32.7247,0.2434,33.9932,"south","south"
"50-KB","79-BU",0.486518969071951,0.9772,30.5465,0.2434,33.9932,"south","south"
"59-EB","79-BU",0.365014563840017,0.0823,32.4852,0.2434,33.9932,"south","south"
"76-TB","79-BU",0.322500875048497,0.5916,34.0586,0.2434,33.9932,"south","south"
"52-KR","79-BU",0.420382468924218,2.2427,32.2397,0.2434,33.9932,"south","south"
"63-DB","79-BU",0.367570947049307,0.0127,32.7659,0.2434,33.9932,"south","south"
"60-NA","79-BU",0.381314664815032,0.0703,32.5085,0.2434,33.9932,"south","south"
"66-BY","79-BU",0.262803991595501,0.0675,33.2684,0.2434,33.9932,"south","south"
"65-BZ","79-BU",0.305719996311201,0.1716,33.1883,0.2434,33.9932,"south","south"
"56-MA","79-BU",0.391162474444898,-0.3564,31.9852,0.2434,33.9932,"south","south"
"68-LI","79-BU",0.257992903855971,0.3168,33.3532,0.2434,33.9932,"south","south"
"70-MGG","79-BU",0.229874176281581,0.4222,33.4559,0.2434,33.9932,"south","south"
"51-MF","79-BU",0.435361087523917,2.272,31.6362,0.2434,33.9932,"south","south"
"58-SS","79-BU",0.380822753270496,-0.5022,32.1691,0.2434,33.9932,"south","south"
"55-KAF","79-BU",0.469337891314617,1.5422,32.0406,0.2434,33.9932,"south","south"
"64-KL","79-BU",0.312066987450207,0.1667,32.7667,0.2434,33.9932,"south","south"
"62-NS","79-BU",0.391545249327908,-0.0956,32.6296,0.2434,33.9932,"south","south"
"54-MS","79-BU",0.517581280786662,1.6303,31.691,0.2434,33.9932,"south","south"
"78-OK","79-BU",0.198767166882544,0.5194,34.119,0.2434,33.9932,"south","south"
"74-NAM","79-BU",0.293724411982485,0.845,33.7406,0.2434,33.9932,"south","south"
"71-BD","79-BU",0.290792525734999,0.5208,33.1209,0.2434,33.9932,"south","south"
"52-KR","81-BUD",0.532727968593051,2.2427,32.2397,0.1312,33.9845,"south","south"
"65-BZ","81-BUD",0.406550960078127,0.1716,33.1883,0.1312,33.9845,"south","south"
"55-KAF","81-BUD",0.572773350548207,1.5422,32.0406,0.1312,33.9845,"south","south"
"76-TB","81-BUD",0.459560622969306,0.5916,34.0586,0.1312,33.9845,"south","south"
"58-SS","81-BUD",0.474734690443842,-0.5022,32.1691,0.1312,33.9845,"south","south"
"50-KB","81-BUD",0.595597351281884,0.9772,30.5465,0.1312,33.9845,"south","south"
"60-NA","81-BUD",0.457798480837818,0.0703,32.5085,0.1312,33.9845,"south","south"
"71-BD","81-BUD",0.424445125859418,0.5208,33.1209,0.1312,33.9845,"south","south"
"62-NS","81-BUD",0.452949168903563,-0.0956,32.6296,0.1312,33.9845,"south","south"
"59-EB","81-BUD",0.454700383197895,0.0823,32.4852,0.1312,33.9845,"south","south"
"72-JN","81-BUD",0.455442035526981,1.3367,32.7247,0.1312,33.9845,"south","south"
"63-DB","81-BUD",0.426906777466769,0.0127,32.7659,0.1312,33.9845,"south","south"
"61-KO","81-BUD",0.431570215975255,-0.0911,32.6879,0.1312,33.9845,"south","south"
"57-KG","81-BUD",0.499018207219033,-0.2267,32.1083,0.1312,33.9845,"south","south"
"56-MA","81-BUD",0.490059461824282,-0.3564,31.9852,0.1312,33.9845,"south","south"
"69-BV","81-BUD",0.397165615976287,0.4742,33.3824,0.1312,33.9845,"south","south"
"64-KL","81-BUD",0.397141135682041,0.1667,32.7667,0.1312,33.9845,"south","south"
"68-LI","81-BUD",0.389235135460243,0.3168,33.3532,0.1312,33.9845,"south","south"
"78-OK","81-BUD",0.383178745354049,0.5194,34.119,0.1312,33.9845,"south","south"
"74-NAM","81-BUD",0.407509480612549,0.845,33.7406,0.1312,33.9845,"south","south"
"54-MS","81-BUD",0.616434070630111,1.6303,31.691,0.1312,33.9845,"south","south"
"66-BY","81-BUD",0.389605225662934,0.0675,33.2684,0.1312,33.9845,"south","south"
"70-MGG","81-BUD",0.366659696591167,0.4222,33.4559,0.1312,33.9845,"south","south"
"51-MF","81-BUD",0.54510492302581,2.272,31.6362,0.1312,33.9845,"south","south"
"79-BU","81-BUD",0.372498341123657,0.2434,33.9932,0.1312,33.9845,"south","south"
"73-IGG","81-BUD",0.36312560790447,0.7312,33.5861,0.1312,33.9845,"south","south"
"50-KB","82-BON",0.585950862391018,0.9772,30.5465,-0.0466,34.1502,"south","south"
"65-BZ","82-BON",0.451176084863525,0.1716,33.1883,-0.0466,34.1502,"south","south"
"62-NS","82-BON",0.498508583261414,-0.0956,32.6296,-0.0466,34.1502,"south","south"
"68-LI","82-BON",0.442205552831971,0.3168,33.3532,-0.0466,34.1502,"south","south"
"69-BV","82-BON",0.443907490930852,0.4742,33.3824,-0.0466,34.1502,"south","south"
"79-BU","82-BON",0.399497902247952,0.2434,33.9932,-0.0466,34.1502,"south","south"
"66-BY","82-BON",0.427422778985501,0.0675,33.2684,-0.0466,34.1502,"south","south"
"76-TB","82-BON",0.462414036026038,0.5916,34.0586,-0.0466,34.1502,"south","south"
"64-KL","82-BON",0.440002831320355,0.1667,32.7667,-0.0466,34.1502,"south","south"
"70-MGG","82-BON",0.421968348999697,0.4222,33.4559,-0.0466,34.1502,"south","south"
"54-MS","82-BON",0.623626938958502,1.6303,31.691,-0.0466,34.1502,"south","south"
"73-IGG","82-BON",0.426513628922784,0.7312,33.5861,-0.0466,34.1502,"south","south"
"51-MF","82-BON",0.541564299465238,2.272,31.6362,-0.0466,34.1502,"south","south"
"58-SS","82-BON",0.501515790355186,-0.5022,32.1691,-0.0466,34.1502,"south","south"
"52-KR","82-BON",0.526766750681619,2.2427,32.2397,-0.0466,34.1502,"south","south"
"71-BD","82-BON",0.467314884756098,0.5208,33.1209,-0.0466,34.1502,"south","south"
"74-NAM","82-BON",0.431300133223565,0.845,33.7406,-0.0466,34.1502,"south","south"
"63-DB","82-BON",0.480199756321332,0.0127,32.7659,-0.0466,34.1502,"south","south"
"78-OK","82-BON",0.408291161419121,0.5194,34.119,-0.0466,34.1502,"south","south"
"72-JN","82-BON",0.491030916725861,1.3367,32.7247,-0.0466,34.1502,"south","south"
"55-KAF","82-BON",0.55491531557748,1.5422,32.0406,-0.0466,34.1502,"south","south"
"56-MA","82-BON",0.529122394366643,-0.3564,31.9852,-0.0466,34.1502,"south","south"
"61-KO","82-BON",0.478415607964989,-0.0911,32.6879,-0.0466,34.1502,"south","south"
"60-NA","82-BON",0.499513614474687,0.0703,32.5085,-0.0466,34.1502,"south","south"
"57-KG","82-BON",0.523662829989701,-0.2267,32.1083,-0.0466,34.1502,"south","south"
"81-BUD","82-BON",0.38909465085998,0.1312,33.9845,-0.0466,34.1502,"south","south"
"59-EB","82-BON",0.479653112570961,0.0823,32.4852,-0.0466,34.1502,"south","south"
"76-TB","83-ND",0.396556308298383,0.5916,34.0586,-0.2055,34.5095,"south","south"
"55-KAF","83-ND",0.590033567430846,1.5422,32.0406,-0.2055,34.5095,"south","south"
"61-KO","83-ND",0.474026495480612,-0.0911,32.6879,-0.2055,34.5095,"south","south"
"65-BZ","83-ND",0.409948061990202,0.1716,33.1883,-0.2055,34.5095,"south","south"
"82-BON","83-ND",0.495053609335855,-0.0466,34.1502,-0.2055,34.5095,"south","south"
"79-BU","83-ND",0.325544382244318,0.2434,33.9932,-0.2055,34.5095,"south","south"
"60-NA","83-ND",0.510398253554991,0.0703,32.5085,-0.2055,34.5095,"south","south"
"69-BV","83-ND",0.387485089643232,0.4742,33.3824,-0.2055,34.5095,"south","south"
"54-MS","83-ND",0.607731947398606,1.6303,31.691,-0.2055,34.5095,"south","south"
"64-KL","83-ND",0.43697950906918,0.1667,32.7667,-0.2055,34.5095,"south","south"
"66-BY","83-ND",0.353109067283132,0.0675,33.2684,-0.2055,34.5095,"south","south"
"58-SS","83-ND",0.51920505155582,-0.5022,32.1691,-0.2055,34.5095,"south","south"
"78-OK","83-ND",0.3570189762177,0.5194,34.119,-0.2055,34.5095,"south","south"
"63-DB","83-ND",0.454493701536809,0.0127,32.7659,-0.2055,34.5095,"south","south"
"70-MGG","83-ND",0.389194047258941,0.4222,33.4559,-0.2055,34.5095,"south","south"
"72-JN","83-ND",0.463831358274108,1.3367,32.7247,-0.2055,34.5095,"south","south"
"51-MF","83-ND",0.544550086713067,2.272,31.6362,-0.2055,34.5095,"south","south"
"52-KR","83-ND",0.549056730242427,2.2427,32.2397,-0.2055,34.5095,"south","south"
"57-KG","83-ND",0.527806888858248,-0.2267,32.1083,-0.2055,34.5095,"south","south"
"50-KB","83-ND",0.571150626799868,0.9772,30.5465,-0.2055,34.5095,"south","south"
"71-BD","83-ND",0.406929949033406,0.5208,33.1209,-0.2055,34.5095,"south","south"
"62-NS","83-ND",0.508148784560192,-0.0956,32.6296,-0.2055,34.5095,"south","south"
"74-NAM","83-ND",0.39318581618709,0.845,33.7406,-0.2055,34.5095,"south","south"
"81-BUD","83-ND",0.45567854899743,0.1312,33.9845,-0.2055,34.5095,"south","south"
"59-EB","83-ND",0.513816675584319,0.0823,32.4852,-0.2055,34.5095,"south","south"
"56-MA","83-ND",0.5281232710482,-0.3564,31.9852,-0.2055,34.5095,"south","south"
"68-LI","83-ND",0.400672672761492,0.3168,33.3532,-0.2055,34.5095,"south","south"
"73-IGG","83-ND",0.403592989753147,0.7312,33.5861,-0.2055,34.5095,"south","south"
"76-TB","84-MAN",0.488578515938661,0.5916,34.0586,-0.3553,34.2513,"south","south"
"73-IGG","84-MAN",0.459162313427096,0.7312,33.5861,-0.3553,34.2513,"south","south"
"64-KL","84-MAN",0.448722839847979,0.1667,32.7667,-0.3553,34.2513,"south","south"
"71-BD","84-MAN",0.450009966560004,0.5208,33.1209,-0.3553,34.2513,"south","south"
"70-MGG","84-MAN",0.440086845955258,0.4222,33.4559,-0.3553,34.2513,"south","south"
"50-KB","84-MAN",0.617202305727643,0.9772,30.5465,-0.3553,34.2513,"south","south"
"61-KO","84-MAN",0.502348244439074,-0.0911,32.6879,-0.3553,34.2513,"south","south"
"65-BZ","84-MAN",0.448975180790766,0.1716,33.1883,-0.3553,34.2513,"south","south"
"58-SS","84-MAN",0.547919636920045,-0.5022,32.1691,-0.3553,34.2513,"south","south"
"62-NS","84-MAN",0.510317326253104,-0.0956,32.6296,-0.3553,34.2513,"south","south"
"55-KAF","84-MAN",0.602277173959694,1.5422,32.0406,-0.3553,34.2513,"south","south"
"81-BUD","84-MAN",0.411478009374143,0.1312,33.9845,-0.3553,34.2513,"south","south"
"66-BY","84-MAN",0.426436175331295,0.0675,33.2684,-0.3553,34.2513,"south","south"
"63-DB","84-MAN",0.484303970391872,0.0127,32.7659,-0.3553,34.2513,"south","south"
"72-JN","84-MAN",0.466505547400258,1.3367,32.7247,-0.3553,34.2513,"south","south"
"51-MF","84-MAN",0.57149496672307,2.272,31.6362,-0.3553,34.2513,"south","south"
"68-LI","84-MAN",0.448034118826949,0.3168,33.3532,-0.3553,34.2513,"south","south"
"74-NAM","84-MAN",0.480935086851515,0.845,33.7406,-0.3553,34.2513,"south","south"
"56-MA","84-MAN",0.550802600753905,-0.3564,31.9852,-0.3553,34.2513,"south","south"
"78-OK","84-MAN",0.428462354762549,0.5194,34.119,-0.3553,34.2513,"south","south"
"69-BV","84-MAN",0.439273871913443,0.4742,33.3824,-0.3553,34.2513,"south","south"
"79-BU","84-MAN",0.40542295869614,0.2434,33.9932,-0.3553,34.2513,"south","south"
"82-BON","84-MAN",0.431833458913333,-0.0466,34.1502,-0.3553,34.2513,"south","south"
"83-ND","84-MAN",0.439069182232394,-0.2055,34.5095,-0.3553,34.2513,"south","south"
"57-KG","84-MAN",0.558464573497526,-0.2267,32.1083,-0.3553,34.2513,"south","south"
"59-EB","84-MAN",0.505319596978572,0.0823,32.4852,-0.3553,34.2513,"south","south"
"54-MS","84-MAN",0.647769913768277,1.6303,31.691,-0.3553,34.2513,"south","south"
"60-NA","84-MAN",0.51001535600252,0.0703,32.5085,-0.3553,34.2513,"south","south"
"52-KR","84-MAN",0.560982500128344,2.2427,32.2397,-0.3553,34.2513,"south","south"
"51-MF","85-KSS",0.556516172853845,2.272,31.6362,-0.4764,33.9627,"south","south"
"72-JN","85-KSS",0.462891758772347,1.3367,32.7247,-0.4764,33.9627,"south","south"
"70-MGG","85-KSS",0.465715958421563,0.4222,33.4559,-0.4764,33.9627,"south","south"
"54-MS","85-KSS",0.64042039574661,1.6303,31.691,-0.4764,33.9627,"south","south"
"66-BY","85-KSS",0.437115317935851,0.0675,33.2684,-0.4764,33.9627,"south","south"
"63-DB","85-KSS",0.478032620088838,0.0127,32.7659,-0.4764,33.9627,"south","south"
"64-KL","85-KSS",0.44176827329506,0.1667,32.7667,-0.4764,33.9627,"south","south"
"61-KO","85-KSS",0.506075946939065,-0.0911,32.6879,-0.4764,33.9627,"south","south"
"52-KR","85-KSS",0.546882305145708,2.2427,32.2397,-0.4764,33.9627,"south","south"
"78-OK","85-KSS",0.429826876362499,0.5194,34.119,-0.4764,33.9627,"south","south"
"81-BUD","85-KSS",0.428882779099449,0.1312,33.9845,-0.4764,33.9627,"south","south"
"84-MAN","85-KSS",0.364511012263868,-0.3553,34.2513,-0.4764,33.9627,"south","south"
"82-BON","85-KSS",0.452538379718146,-0.0466,34.1502,-0.4764,33.9627,"south","south"
"73-IGG","85-KSS",0.471286339395404,0.7312,33.5861,-0.4764,33.9627,"south","south"
"65-BZ","85-KSS",0.455309381000055,0.1716,33.1883,-0.4764,33.9627,"south","south"
"76-TB","85-KSS",0.482052632555583,0.5916,34.0586,-0.4764,33.9627,"south","south"
"50-KB","85-KSS",0.616732305262725,0.9772,30.5465,-0.4764,33.9627,"south","south"
"69-BV","85-KSS",0.454532303542135,0.4742,33.3824,-0.4764,33.9627,"south","south"
"62-NS","85-KSS",0.514039091788723,-0.0956,32.6296,-0.4764,33.9627,"south","south"
"83-ND","85-KSS",0.432214569962402,-0.2055,34.5095,-0.4764,33.9627,"south","south"
"68-LI","85-KSS",0.464050411706291,0.3168,33.3532,-0.4764,33.9627,"south","south"
"71-BD","85-KSS",0.459631428113098,0.5208,33.1209,-0.4764,33.9627,"south","south"
"74-NAM","85-KSS",0.47210377320396,0.845,33.7406,-0.4764,33.9627,"south","south"
"57-KG","85-KSS",0.557384393353157,-0.2267,32.1083,-0.4764,33.9627,"south","south"
"58-SS","85-KSS",0.552363752245201,-0.5022,32.1691,-0.4764,33.9627,"south","south"
"56-MA","85-KSS",0.559675394474619,-0.3564,31.9852,-0.4764,33.9627,"south","south"
"60-NA","85-KSS",0.492850822423997,0.0703,32.5085,-0.4764,33.9627,"south","south"
"79-BU","85-KSS",0.429221564263719,0.2434,33.9932,-0.4764,33.9627,"south","south"
"55-KAF","85-KSS",0.592376658655002,1.5422,32.0406,-0.4764,33.9627,"south","south"
"59-EB","85-KSS",0.485062987689914,0.0823,32.4852,-0.4764,33.9627,"south","south"
"66-BY","86-SUB",0.470344551666522,0.0675,33.2684,-0.593,34.0919,"south","south"
"58-SS","86-SUB",0.5937369924801,-0.5022,32.1691,-0.593,34.0919,"south","south"
"60-NA","86-SUB",0.511204389219641,0.0703,32.5085,-0.593,34.0919,"south","south"
"50-KB","86-SUB",0.657385882871375,0.9772,30.5465,-0.593,34.0919,"south","south"
"79-BU","86-SUB",0.474734178155628,0.2434,33.9932,-0.593,34.0919,"south","south"
"78-OK","86-SUB",0.474993233949651,0.5194,34.119,-0.593,34.0919,"south","south"
"54-MS","86-SUB",0.681796125059908,1.6303,31.691,-0.593,34.0919,"south","south"
"61-KO","86-SUB",0.533586654977873,-0.0911,32.6879,-0.593,34.0919,"south","south"
"72-JN","86-SUB",0.492244304665041,1.3367,32.7247,-0.593,34.0919,"south","south"
"85-KSS","86-SUB",0.370283202405158,-0.4764,33.9627,-0.593,34.0919,"south","south"
"62-NS","86-SUB",0.523763890845058,-0.0956,32.6296,-0.593,34.0919,"south","south"
"63-DB","86-SUB",0.505601565707434,0.0127,32.7659,-0.593,34.0919,"south","south"
"81-BUD","86-SUB",0.477845619798014,0.1312,33.9845,-0.593,34.0919,"south","south"
"52-KR","86-SUB",0.582118483929404,2.2427,32.2397,-0.593,34.0919,"south","south"
"84-MAN","86-SUB",0.392277163880135,-0.3553,34.2513,-0.593,34.0919,"south","south"
"74-NAM","86-SUB",0.509768010468626,0.845,33.7406,-0.593,34.0919,"south","south"
"76-TB","86-SUB",0.514017286270088,0.5916,34.0586,-0.593,34.0919,"south","south"
"65-BZ","86-SUB",0.48093128959602,0.1716,33.1883,-0.593,34.0919,"south","south"
"55-KAF","86-SUB",0.634915584125609,1.5422,32.0406,-0.593,34.0919,"south","south"
"51-MF","86-SUB",0.594865807692814,2.272,31.6362,-0.593,34.0919,"south","south"
"70-MGG","86-SUB",0.493654778453276,0.4222,33.4559,-0.593,34.0919,"south","south"
"57-KG","86-SUB",0.600099668537948,-0.2267,32.1083,-0.593,34.0919,"south","south"
"69-BV","86-SUB",0.480017621143333,0.4742,33.3824,-0.593,34.0919,"south","south"
"64-KL","86-SUB",0.489819346319172,0.1667,32.7667,-0.593,34.0919,"south","south"
"68-LI","86-SUB",0.497280864615694,0.3168,33.3532,-0.593,34.0919,"south","south"
"59-EB","86-SUB",0.510863560995998,0.0823,32.4852,-0.593,34.0919,"south","south"
"83-ND","86-SUB",0.49656959482604,-0.2055,34.5095,-0.593,34.0919,"south","south"
"71-BD","86-SUB",0.489845938786744,0.5208,33.1209,-0.593,34.0919,"south","south"
"56-MA","86-SUB",0.598482172353286,-0.3564,31.9852,-0.593,34.0919,"south","south"
"82-BON","86-SUB",0.477005563720074,-0.0466,34.1502,-0.593,34.0919,"south","south"
"73-IGG","86-SUB",0.504523927678575,0.7312,33.5861,-0.593,34.0919,"south","south"
"64-KL","87-KAR",0.449190828562902,0.1667,32.7667,-0.804,34.1088,"south","south"
"83-ND","87-KAR",0.476149265493113,-0.2055,34.5095,-0.804,34.1088,"south","south"
"51-MF","87-KAR",0.596928173976167,2.272,31.6362,-0.804,34.1088,"south","south"
"58-SS","87-KAR",0.550657259288362,-0.5022,32.1691,-0.804,34.1088,"south","south"
"84-MAN","87-KAR",0.402303502852963,-0.3553,34.2513,-0.804,34.1088,"south","south"
"50-KB","87-KAR",0.654886178967171,0.9772,30.5465,-0.804,34.1088,"south","south"
"59-EB","87-KAR",0.485144495872066,0.0823,32.4852,-0.804,34.1088,"south","south"
"72-JN","87-KAR",0.478569046437242,1.3367,32.7247,-0.804,34.1088,"south","south"
"62-NS","87-KAR",0.501232521453939,-0.0956,32.6296,-0.804,34.1088,"south","south"
"56-MA","87-KAR",0.566107226318153,-0.3564,31.9852,-0.804,34.1088,"south","south"
"81-BUD","87-KAR",0.447323900478667,0.1312,33.9845,-0.804,34.1088,"south","south"
"61-KO","87-KAR",0.496091202406542,-0.0911,32.6879,-0.804,34.1088,"south","south"
"66-BY","87-KAR",0.453249650276087,0.0675,33.2684,-0.804,34.1088,"south","south"
"70-MGG","87-KAR",0.473305914652927,0.4222,33.4559,-0.804,34.1088,"south","south"
"79-BU","87-KAR",0.451259605137727,0.2434,33.9932,-0.804,34.1088,"south","south"
"60-NA","87-KAR",0.476572648081115,0.0703,32.5085,-0.804,34.1088,"south","south"
"82-BON","87-KAR",0.466453872959281,-0.0466,34.1502,-0.804,34.1088,"south","south"
"76-TB","87-KAR",0.491660554820465,0.5916,34.0586,-0.804,34.1088,"south","south"
"74-NAM","87-KAR",0.483172882403628,0.845,33.7406,-0.804,34.1088,"south","south"
"52-KR","87-KAR",0.579770502760247,2.2427,32.2397,-0.804,34.1088,"south","south"
"73-IGG","87-KAR",0.480379758173193,0.7312,33.5861,-0.804,34.1088,"south","south"
"65-BZ","87-KAR",0.466519513588691,0.1716,33.1883,-0.804,34.1088,"south","south"
"63-DB","87-KAR",0.468096152050336,0.0127,32.7659,-0.804,34.1088,"south","south"
"78-OK","87-KAR",0.446732049351102,0.5194,34.119,-0.804,34.1088,"south","south"
"57-KG","87-KAR",0.564381089100552,-0.2267,32.1083,-0.804,34.1088,"south","south"
"71-BD","87-KAR",0.465718580799489,0.5208,33.1209,-0.804,34.1088,"south","south"
"55-KAF","87-KAR",0.632004553532443,1.5422,32.0406,-0.804,34.1088,"south","south"
"68-LI","87-KAR",0.474037725640473,0.3168,33.3532,-0.804,34.1088,"south","south"
"85-KSS","87-KAR",0.36759196422991,-0.4764,33.9627,-0.804,34.1088,"south","south"
"54-MS","87-KAR",0.663164251566218,1.6303,31.691,-0.804,34.1088,"south","south"
"86-SUB","87-KAR",0.365938001791982,-0.593,34.0919,-0.804,34.1088,"south","south"
"69-BV","87-KAR",0.463597069163156,0.4742,33.3824,-0.804,34.1088,"south","south"
