"site","rsq_train","rsq_test","rmse","mae","cor_train","cor_test","IncMSE_BIO1_mean","IncMSE_BIO2_mean","IncMSE_BIO3_mean","IncMSE_BIO4_mean","IncMSE_BIO5_mean","IncMSE_BIO6_mean","IncMSE_BIO7_mean","IncMSE_BIO8S_mean","IncMSE_BIO9S_mean","IncMSE_BIO10S_mean","IncMSE_BIO11S_mean","IncMSE_BIO12_mean","IncMSE_BIO13_mean","IncMSE_BIO14_mean","IncMSE_BIO15_mean","IncMSE_BIO16S_mean","IncMSE_BIO17S_mean","IncMSE_BIO18S_mean","IncMSE_BIO19S_mean","IncMSE_slope_mean","IncMSE_alt_mean","IncMSE_lakes_mean","IncMSE_riv_3km_mean","NodePurity_BIO1_mean","NodePurity_BIO2_mean","NodePurity_BIO3_mean","NodePurity_BIO4_mean","NodePurity_BIO5_mean","NodePurity_BIO6_mean","NodePurity_BIO7_mean","NodePurity_BIO8S_mean","NodePurity_BIO9S_mean","NodePurity_BIO10S_mean","NodePurity_BIO11S_mean","NodePurity_BIO12_mean","NodePurity_BIO13_mean","NodePurity_BIO14_mean","NodePurity_BIO15_mean","NodePurity_BIO16S_mean","NodePurity_BIO17S_mean","NodePurity_BIO18S_mean","NodePurity_BIO19S_mean","NodePurity_slope_mean","NodePurity_alt_mean","NodePurity_lakes_mean","NodePurity_riv_3km_mean"
"01-AIN",0.928888358110301,0.377279170710859,0.0319727040992232,0.0261782679613003,0.97435883297528,0.773892137103745,12.3024252704395,18.6953661043085,29.7148439851436,17.6241243092215,19.2631950176515,15.3918313457502,17.4743841685247,14.4085244158274,20.1404152039643,23.0419335877663,19.2547172994776,17.7721741719931,27.130547434559,17.7506303181579,18.425945489533,18.2274745211698,16.3284778757304,12.5641773737499,17.0469918594193,22.2509576544523,14.4269022713293,17.0731929188861,28.6357764980142,0.109709776725618,0.192929894489836,0.401595764651152,0.13716686014305,0.133345847785287,0.147396015699256,0.129095843725086,0.118373319870648,0.149889116487769,0.117452743436483,0.12637499647631,0.128744165104099,0.221187832874273,0.159465491188725,0.143978023738902,0.146580641928394,0.074125333447983,0.0737083020576742,0.0691352687975623,0.13978478353933,0.108008463188857,0.107336685358718,0.137242605603023
"02-GAN",0.928156259702903,0.658576028515911,0.0230174436925534,0.0173676576580229,0.973984270521189,0.855291089501909,11.7990348524847,20.1037724997707,33.4683022055059,18.3298697672618,17.1193582500637,16.69969773701,17.5865212995345,13.9529425118444,20.6014913196681,22.9332802194145,18.1591154627339,18.798712134758,28.4953724459186,19.5537229676849,18.8216636920859,18.6234555332775,15.6465881506084,10.7538584478488,12.0922932007943,22.1343128954607,15.2220054622927,18.6982924317088,28.3505193246343,0.11265619780905,0.196421564139593,0.423692536389652,0.134667764636602,0.120835991466419,0.164343188329465,0.133526223637084,0.122389356674897,0.148822888810394,0.111262657787166,0.115849749084994,0.121660133981381,0.209121274910909,0.162017491528121,0.144606368097851,0.152381652141674,0.0750290473804641,0.0751969731792286,0.0683251353579403,0.135011868497817,0.111455087460267,0.112052949496353,0.141013425728897
"03-DUK",0.930115304586541,0.473418258204463,0.0329748229182312,0.0248213373257823,0.974674024822104,0.779766258345798,13.2577817805695,19.7499308231341,28.5271827405198,14.3748346334002,14.8293508455733,15.864289702483,17.9644015170967,12.2714639602293,19.4276436359436,24.3338279321327,21.2632716985246,19.017658313937,27.5684262002093,20.7091979572984,19.1015573636744,14.2933817721948,14.5744582482794,10.4933287337056,14.919135647194,22.905085292077,18.1746140021414,12.6656019031132,29.9330648492291,0.114907775095012,0.188911806011368,0.422299746768499,0.136476696407619,0.134441967021287,0.15483804293583,0.138765187047672,0.123274484073242,0.154659010382175,0.111796165980559,0.115654053138441,0.121601644006685,0.187704364731785,0.18603928011461,0.150629836807111,0.144784182899041,0.0768478664981356,0.0734791585199578,0.0674835880856774,0.136125165584737,0.102290573746291,0.107026337797434,0.147144076844314
"07-OSG",0.929434522048135,0.127809116870513,0.039769039318841,0.0298027189879192,0.974401799962227,0.656631722272521,14.2662380903642,18.04148161406,27.8344418469812,17.0166311559414,17.5225186499064,16.4156398014309,18.0283543682792,13.9238395532782,20.8090684785845,22.7510475972709,18.6881632384364,19.6245276631585,28.0276095022941,20.969449347105,19.420227190418,16.410073797033,15.5036889309143,13.4870088016424,16.1243673604608,22.7024391562494,17.224723325082,14.0589292847695,29.3098262910799,0.116746390384689,0.192015201742109,0.405676604268878,0.133749510590629,0.137499480576268,0.161358967004909,0.140144458381108,0.121027932749822,0.159872696889009,0.11888532684311,0.117670919448788,0.126560264771392,0.180797694493727,0.177346109389448,0.149072700336992,0.164068418596105,0.0770859453875617,0.0786097815855621,0.0710495257345546,0.138911266209866,0.106158774328739,0.0983170326861498,0.138540904815087
"08-MY",0.928967934717686,0.29207717329673,0.0409317555741716,0.0338472402476793,0.974025548038984,0.693948458226797,13.0724621064873,18.0065983438124,29.4783218940485,16.9976905368819,13.6303430318181,16.6816488929937,18.2750486533593,10.8169106378033,21.6947907732903,23.1747199437607,20.8538094422396,19.4062248479831,28.3165674497234,18.3172785869138,18.817835410704,18.6560893663869,14.4168184720305,12.4454296119408,15.0831373117536,21.7338954398402,16.2673170482464,16.4939628273427,30.559087986744,0.117794685237234,0.189848249968599,0.411233593923064,0.132274140464846,0.130899709966006,0.154076605181122,0.142452273531582,0.116212004514435,0.15874578855787,0.113505206459746,0.120937953584639,0.11635438151976,0.193550078026647,0.172306110166083,0.139167370860887,0.161285487058596,0.0704803407928944,0.0724493780533298,0.069183763050314,0.138381445809817,0.106894664997157,0.108136486206539,0.141573290798736
"09-ORB",0.929789199995041,0.23154665248547,0.0369606138718961,0.0271589315940781,0.974372535146913,0.647795167730653,12.7604692849551,19.6767443921869,28.8918597424841,16.8401269906261,14.8259717186296,16.2170490890591,18.8092054344669,15.4692063387879,20.3332110341921,22.5344113724551,18.4464988794834,18.7057348216146,26.5598130302392,19.5906973506918,18.2583518071753,14.8976471484549,13.9877956005707,11.5362166007755,13.9905418409889,21.7316125341559,15.0393092059666,13.6773168613311,27.8405558290085,0.110885548993821,0.210293877100624,0.41734518314057,0.137584401062953,0.133701026984225,0.160092807584513,0.144236359785601,0.121219095833141,0.15301617459465,0.118192594955454,0.123676434656713,0.111035466266972,0.193657822006763,0.1698730718575,0.149684145530551,0.154436379375839,0.0742384286390721,0.0732200619525751,0.0676117872731484,0.135253181455788,0.105742557151592,0.111181245063734,0.135727030163924
"10-PAG",0.929123436643341,0.400485094441822,0.0259838665796335,0.021478356301788,0.974115521433747,0.643835322567263,13.6888466476713,17.8499289354265,28.7433432897035,20.6332663052717,16.2349754873082,16.0670724412328,17.5585434200781,12.6837154208201,19.8269398344997,21.1285505579413,18.7552609545745,18.6516923528777,27.3982859355234,19.04035743538,20.2565838436543,15.1489156708009,15.6952608361971,11.5773807219257,13.9744547940162,22.5002313528926,15.9663908959107,16.9508919646647,27.9054948392518,0.106535236913094,0.193042654530023,0.42382990236825,0.137329439167492,0.146739031673511,0.154018363178343,0.140017892796652,0.124219905020887,0.148184407068282,0.116623540075745,0.12363133803974,0.125202602651211,0.205908674853784,0.180539797996782,0.146003750249471,0.151203310822827,0.0766162342735549,0.0723459033807105,0.0720357927611368,0.137696036043756,0.105100539145058,0.109603698539944,0.139139374066455
"12-OLO",0.92848978886799,0.545340324992893,0.0230138568784617,0.0181052445896404,0.973987352185583,0.869306713403756,12.9429831639527,17.5125900014971,30.7356983520943,16.6417148813659,14.6486326351485,15.411376832983,17.1988522497801,11.9396311434911,18.4020735360717,24.0055645434516,20.0637096488022,18.3558731140138,28.0144071124054,22.4315437508033,19.9662898096449,15.8388609899517,14.2860444146265,10.8056485367034,16.4614599319761,20.7353369926255,16.9036464263329,13.4709911654315,28.6117086049563,0.120817811096625,0.187520920641099,0.43948842133003,0.134785095827338,0.140154212642419,0.161277228187757,0.149431960092592,0.110662995663795,0.144321153017229,0.116635472576801,0.122198584412155,0.130381680581222,0.190656095932129,0.176524259416634,0.14169669117541,0.142250975044959,0.0732611732073414,0.0803942653335577,0.0707767689463737,0.14172221563053,0.109164720313425,0.1101607857163,0.140685057105393
"14-OKS",0.929519606278145,-0.430164404147725,0.0318840073452969,0.0268567737921374,0.974228229382297,0.53752172093991,12.631096289198,22.5826409325431,28.2655074673412,17.246738592863,18.0241160858731,16.3656854683187,16.4782744548551,11.3408196948814,22.2800300109174,22.4493822447975,18.9186112876385,20.0180785522129,29.2730755623449,18.9558441099491,19.1734816699918,16.5832183583256,15.9034014430323,12.4073056635256,16.6826534919817,21.0543192673391,16.7969974473962,15.074743636198,27.8598251837,0.109403424507472,0.192580922404913,0.416194724017992,0.134947170271883,0.132398682146078,0.153603503981805,0.144859206527305,0.117870277006323,0.149178269989605,0.114315707797647,0.123803469873269,0.126781345449224,0.223889037454783,0.165092698647655,0.138200889496881,0.154299670858251,0.0726296983060012,0.0767607347991626,0.069354873108947,0.136217007152144,0.105854927536414,0.108460660873311,0.137865939448982
"15-NGO",0.930969573940964,-0.0893052287579492,0.0395091170248371,0.0313784877910589,0.974608302375278,0.342881221446532,13.5458772799044,20.9384798471138,27.6023652851054,17.5938575829478,15.6057761727032,17.4621299138436,18.8079065692307,12.4508313134227,18.9500140732976,22.9251320908763,19.1173205111156,19.0503350070206,29.674044815525,19.2297998713694,18.800676905631,16.9829289385507,15.3668357325555,12.0949505522476,17.9011044520269,21.8908379174346,16.6101811090297,13.6950130349559,28.3263179513795,0.109787784911254,0.208651773252374,0.413528156265292,0.137685845145954,0.127898472331693,0.165702487792227,0.133235152920379,0.126367546167655,0.138900707733441,0.116117615036831,0.113105453454246,0.124732287345901,0.212546721177565,0.168333895550467,0.152982109648891,0.154376970825974,0.0731743330756508,0.0769657290540905,0.0691554311361122,0.13940117306887,0.106089203202687,0.115275168680728,0.14427728518145
"17-LAG",0.930585113786968,-1.96908489568025,0.0460405136351564,0.041016773692543,0.974444181981118,0.497094734254371,16.1235682283498,20.2807093400678,29.8326244744919,17.3151985612151,15.186626808758,17.0797692049217,17.8448923750841,13.0895763550642,19.4351884995738,23.1108700854836,18.2100528150447,18.0044351636499,30.940182664943,21.1758054572185,20.0608373638587,15.9506332594667,14.4665698240649,11.3563816021327,12.8426962431704,20.9069893722633,15.3962800046826,16.1183193719532,27.8000595299176,0.115704527119583,0.181338923303504,0.424910641832912,0.123581496421429,0.130006282124553,0.169587105797006,0.135374635179982,0.117697680208527,0.16505431978181,0.112933611119607,0.122504350510949,0.121245268202601,0.210344065659327,0.189101152823847,0.141851216957332,0.141803868245178,0.0746907860270186,0.0801658467896462,0.0676573692733521,0.131375505893303,0.1069068242193,0.108427408056061,0.143077417351684
"18-BOL",0.930262212970072,-0.313206107494336,0.0404033297479649,0.0356193249327347,0.974497502977424,0.56755146753795,14.7585319622014,21.125169334785,30.7316599414881,16.8858652347177,15.5322631369835,16.0501225108882,18.1707975621242,12.6978629934645,20.7882457010523,23.2512476737443,21.7253367023512,20.0526404036194,29.7151305334833,18.60924725594,19.8263540301748,15.9739543346304,14.9718845441468,13.8413522219399,14.2362408618848,21.674395105956,15.0735268410839,17.4542170373527,26.2833689777588,0.114287847257616,0.210642545017843,0.418659047431542,0.136406509741988,0.127400589370516,0.146539533715725,0.135739768741277,0.12073353275453,0.153391004022335,0.115395960846803,0.1241547863328,0.123325195741989,0.204112957450967,0.164071250618559,0.151645695919012,0.148340022331149,0.0722555601970833,0.0681278218196693,0.0664746168985967,0.135604307443271,0.104924754175517,0.116785039338343,0.134563789244346
"19-KTC",0.929356905485875,0.56687539965157,0.0221018700172569,0.0175166560373905,0.974262849917911,0.760912252086647,12.8471220115911,19.5716587500745,30.5109478240758,19.7159261279993,16.9123640697516,16.3892645714906,19.9091852870932,13.9187532340639,19.5449834352491,21.8939542626473,20.0789997722292,18.3442949397032,27.3284797615945,20.3285812737305,18.5806180355676,14.1661441142145,13.5479957855772,11.0874285687892,17.8713822885997,20.5501168422706,18.1065647609692,12.4960771436779,29.3332341378405,0.111016888342444,0.207118267567987,0.431667603554005,0.132804165214621,0.13460304200816,0.158988802996815,0.158136791308175,0.117018136774687,0.146455420578766,0.113574325570744,0.122219820913569,0.127100374278633,0.198404931574958,0.187077958395397,0.142609130175066,0.146784732145755,0.075604034492893,0.0720601879924266,0.0694363436872966,0.135439411927026,0.10038267699006,0.109413370773446,0.141678284281094
"20-TUM",0.930872134658551,-0.423011360464551,0.0430471615255683,0.0346304459966738,0.974841352469143,0.413498000530762,15.0502549167845,20.3924299751836,29.1074191457043,17.8684770468631,15.4302750695684,16.4945604122121,17.2786912385055,13.1983600869692,20.0120484583022,24.3033323937754,19.7375719199093,18.6103279748111,31.0645004628865,20.5166483787524,20.2034373247215,16.5253854825153,15.9133945322824,9.97019744977669,13.1602148692637,19.9937893544389,15.8375234773336,17.4833677696404,28.6155279805312,0.112072241783831,0.200467425879308,0.430649236952922,0.137830936975164,0.131170519852948,0.161410773028455,0.130271554707454,0.123190091266741,0.158598770016763,0.124484340556299,0.118732917099634,0.119726999750415,0.213359094857012,0.184272012703208,0.134910388395523,0.142289449162159,0.0718676105586689,0.0721008917103312,0.0674606640365257,0.130116673844246,0.0976816115576774,0.10996835436885,0.138501602674014
"21-KT",0.933302484798156,-3.50145241371144,0.0725266414301372,0.0660961775795259,0.97510439474996,0.284115222763083,11.7784309944899,18.0593744547057,30.2418886202905,15.0283575525216,15.4379802403205,17.1539029600464,19.3947231415777,15.5078471254602,19.789214671033,22.1106305730417,19.7200126503787,18.3110547831818,30.2083302097064,22.56973601276,21.1371800345595,17.9901170499594,17.1687453173638,10.5309866426882,17.6805805947108,20.2025620943469,15.7550839882813,13.2791006854008,23.872355676041,0.108703354787558,0.192145709859634,0.432678687064017,0.124929122900003,0.135339808395505,0.177364980489173,0.140565403613985,0.12677487602359,0.149986058639148,0.108307776887633,0.122531256025136,0.12772207300401,0.189763580964427,0.195809136957564,0.145796775952261,0.137689424486119,0.0742736744554093,0.075582975019251,0.0644968977316447,0.129965954667736,0.0956141212679736,0.102333606127934,0.131109431925039
"22-OMI",0.928858272597596,0.0518765595844906,0.0323236816176554,0.0275150362696742,0.974039437257746,0.309614719757394,12.7044281990315,19.6225711864649,27.4843171700582,17.8416484486479,15.3182377589029,16.6526062401545,17.1335644442264,14.4077049877075,19.0330091020785,22.4775056823468,20.3277031510146,17.7007581326344,28.5867698373353,19.462928696343,20.1338890980679,17.4589565086873,14.8498702019041,11.8948232464579,17.0416699111125,22.115330486809,14.9528236910894,15.4191827408473,28.140519221413,0.112840166337331,0.188660337531288,0.412056111386168,0.140597739939198,0.130610054220431,0.154990075166999,0.142172134879392,0.13428245046487,0.164940736074131,0.110031076024652,0.123347877454683,0.12235785329425,0.200001305002329,0.174434841584467,0.14521433518917,0.152598241690738,0.0738313282839733,0.0713627212359427,0.0684045979071204,0.142281698120867,0.104186389622167,0.108003486609437,0.140095088009333
"24-KIL",0.928728786855979,0.548450863396975,0.0265729071719001,0.0221440854218812,0.974206569473758,0.799047251293506,16.2328527180967,21.3521721819479,31.1335295102601,17.8561164278793,16.9976801633574,16.5863179013703,17.2759588832954,12.1188300656562,20.1720424980749,23.4004873050437,20.2164210712119,17.7603793615466,27.0035195964368,19.7063034332998,18.9155732925876,16.7880043811783,16.1952201394208,11.4043701624622,16.3359883737537,21.6005027086331,15.4757456692875,15.1509921610841,27.7630443814655,0.111974323241833,0.210644814875953,0.426989698505865,0.132728058303487,0.129631149243665,0.148872567053682,0.13451219439621,0.112010551810768,0.144726442279637,0.116250527514708,0.123101586165796,0.122377974021151,0.205490755347903,0.177013760814952,0.138154388148723,0.150322993543909,0.0764587464793136,0.0802067714747185,0.0699034794864963,0.137820969460037,0.106478477410393,0.0994922858649135,0.13427453292298
"25-CHU",0.92796491233795,0.210967878656206,0.0354114230498164,0.0284654486978366,0.973732600717261,0.681624258129009,12.9296039768294,19.3084111041129,28.0537973585534,15.2133142802682,17.8660263704436,16.68899981538,17.4934194532899,14.3339851275147,19.2194820703127,21.9631910058239,18.5486975278505,19.2630261928046,28.1975451586403,16.70542436237,19.5937510416211,16.1411065845043,16.3690615761932,12.4175914679915,14.9912952804723,19.3327036528573,17.5147296843909,15.2434457171885,25.0938479767846,0.112217319802583,0.190459262014791,0.401702248917298,0.113792445613893,0.133677308162449,0.152171708350366,0.15279465219033,0.115576406885849,0.168327677052979,0.113983441450824,0.125239582709128,0.128116002327126,0.193949001552558,0.177632781850855,0.135500883015591,0.140883292378362,0.0765497251561844,0.0718661017187778,0.0720305986948332,0.131334216209835,0.106757599045267,0.107941219857188,0.143569361681438
"26-OG",0.928027176478509,0.169618246044122,0.0359833129588395,0.0304471946464743,0.973872746790534,0.759735429023846,13.9993672788208,21.4039707577148,28.7235146689733,19.451790501933,16.6042159319111,17.0292126681715,17.1629350798076,13.0168839027198,19.4748711247098,22.2535806196479,19.6594908988175,18.3198148669418,26.4435312068999,19.7632470980793,18.4797873864463,16.7181668563633,15.8687333677307,10.8305817366032,16.0077454788897,21.1194737216012,16.7257807915125,16.2420627151358,30.6001874178388,0.111999752950626,0.187118566746773,0.406563899402243,0.117834895361811,0.131275895584314,0.166154912914103,0.135852900505473,0.107150629879518,0.152201252578866,0.119437722333695,0.125233110399227,0.122193590413885,0.196421433385092,0.163909052537793,0.145804060844407,0.157045658757252,0.0799914846511694,0.0754549322214773,0.0658908824960935,0.129076599978651,0.106163293408763,0.107375422623466,0.141633760183242
"27-OCA",0.928689255607525,0.410382229771208,0.0297201757558862,0.0231553798867744,0.974203993850583,0.673370505285751,13.4479273080229,19.0724014866916,31.4020926058448,17.835407142493,18.072782206692,15.6722810712515,17.8517528760798,12.6238390497808,19.6767308860125,22.1716822224684,18.2085850859379,17.0387673684982,28.971055419422,18.502681640415,20.4366431153689,16.6174480871454,16.4356426146124,13.3476256611132,16.4165137004898,22.0013696157768,17.1028283651963,15.6041738774021,28.5002232653274,0.112021512491666,0.196797415061388,0.417559019088455,0.130693285975428,0.131755933104458,0.154059999579846,0.145026749586156,0.124763382197603,0.146245767815292,0.110160731740587,0.121393050031918,0.116025933666441,0.195067375366807,0.176705441675341,0.149177063078235,0.150581045656964,0.0751555087436885,0.0718624314651226,0.0702366811827213,0.143474469889762,0.107008795704205,0.107000636706084,0.139867148050042
"28-AKA",0.928503062328773,0.568453111215732,0.0254365791214278,0.0193415348123705,0.973957387307906,0.77191135455457,14.2903376614438,20.3452380989408,29.2031870801762,18.0580924803244,15.1334321461218,15.9586344649618,18.3907312681052,14.1615195635292,19.782890418369,21.2931525652466,17.149647024997,17.4533226927792,29.1704669497033,19.7371874477107,19.2292523364963,15.1815085560485,17.9544651551144,14.0606099337774,13.3118610378293,22.5287136563695,16.8054759706551,15.5268778397476,28.4657069903492,0.106560316513743,0.189230921691256,0.416279425460157,0.13434836394846,0.1312370230235,0.154553579745249,0.145629486611,0.122115709476735,0.158282001151976,0.113460077333514,0.123349644246978,0.124397520951907,0.207478750901039,0.17225180596228,0.139464197395297,0.14757759029886,0.0756400570580711,0.0740228173548219,0.066986318729698,0.139677306977332,0.108736129831295,0.112758814700985,0.139781667083882
"30-OLE",0.929173023490577,0.411430808612156,0.0257876165175769,0.0213375604834269,0.974492046359165,0.808479422498406,12.1688382828951,20.0278965328364,31.6051472036847,18.2841982643913,17.7025813012428,16.6678339256195,18.3492015432931,13.7262350172352,18.2835501667361,23.6487419462097,17.9568367908268,18.4669136172194,28.6153421780326,20.1692469774031,19.0444521313006,17.2742481074067,15.3850815231384,9.65065636452365,16.1033521531715,20.5600828749848,16.6662002586352,17.0514314120025,28.075663737602,0.108549808403857,0.193283121594284,0.402261897338036,0.127446669382624,0.132284746839467,0.168767763299806,0.147516126237189,0.115622385065135,0.159251496079579,0.11412239465775,0.116222647134798,0.121054743035916,0.199187806104928,0.175353288551565,0.143672766924253,0.13947481365818,0.0764717642964163,0.0714728010944924,0.0660912542147263,0.145493766163776,0.107969517764899,0.114673228137776,0.146389335918245
"31-ACA",0.93338129437147,-2.31114561114762,0.0598420789681392,0.0537422757626332,0.97543014849493,0.527907337595915,11.7267095155969,20.0625733901055,29.3793738862684,17.1803563989898,16.4854038382503,15.8971155158383,17.9554004003942,12.469607944882,21.4284422690077,23.9802906858561,22.3974853607825,16.741357975852,28.060365101403,19.0420211786429,20.8928471465629,16.8246116070558,15.0641135404865,13.6610521168791,15.1646104835048,20.8220223991798,16.9191788958952,15.6542264768149,32.1693014769928,0.109673583271353,0.208031302739913,0.424842519983637,0.127824743942846,0.13535182816568,0.147598189820978,0.135384996639832,0.128472523627617,0.151996628405594,0.119929156099292,0.128631236807204,0.123122949064432,0.19549762356325,0.177794236511855,0.142597282629208,0.159465504587803,0.0750723813634926,0.0719982255139343,0.0711998159046716,0.119904744286626,0.098923874528288,0.108028594418725,0.144378098213129
"32-APU",0.931381916009453,-0.391168589028006,0.0479305573379203,0.0398010200928876,0.974959938823813,0.581623111436811,13.5095545428924,21.0370681856471,31.3101879667568,16.6215937337681,15.5777168833615,17.4873044780944,19.6733500001407,14.0083025334303,17.7300651788839,21.5382746797717,18.516961249198,18.4147298209528,27.4980781584607,21.2023706086829,19.1957364311651,17.6018500294839,17.6156485376624,11.7907026756897,16.326723844459,22.8633621009011,14.7362231420749,14.2882449216614,30.0877988578092,0.112307996050718,0.200532694510482,0.401331870449368,0.124286477302723,0.121145539649037,0.166406710739626,0.13457360690288,0.11705526174601,0.159613388985446,0.111571227164035,0.118207604559817,0.125210246261016,0.195603815319799,0.183539761413682,0.141761716057576,0.134092365087369,0.0765359150663873,0.0732684956835544,0.0678352688580356,0.145907671241975,0.105895303906727,0.111591885213469,0.137882210183891
"33-AP",0.930281304827652,0.0239878393413819,0.0367306005899082,0.0295450909637071,0.974501162960845,0.775913259480172,12.2211659757595,20.3958910085611,31.3480215003739,15.3495681660849,15.3378209466938,16.7361258841605,18.5304360288688,12.5156651317646,20.3032866859268,21.9425818339233,17.9877399194554,17.2075697924069,29.3493359376374,18.9514065561388,19.0805104635496,15.3413927896876,15.7422758361338,12.3730716688975,12.2909817491559,22.6116659366233,15.9076003142929,17.1352105787337,30.2846832618958,0.119515472183609,0.205041035334696,0.420097815046443,0.138078260302036,0.132341753860448,0.155258237722546,0.141889361657415,0.130456166784316,0.149997753534434,0.112276894886347,0.12028290807031,0.111865733739381,0.201527848295479,0.174999445472837,0.149784285308688,0.15036773299019,0.0760556844085281,0.0760143503451697,0.0692916235348915,0.132397607716436,0.104065758852213,0.106316634624297,0.142172548641623
"36-UGT",0.927632763903712,0.583134899728845,0.0274995470379109,0.0197231620377316,0.973785392700965,0.809362790529417,15.4811810357879,17.7671807133742,28.3187627864935,20.0523015557338,15.7843625103482,17.8122780139047,19.1840566027448,13.9816526755167,20.3898097832745,21.9165899163481,18.278918928801,17.193203626402,26.2270367261068,19.8755047110432,19.0014228006206,16.3360550581533,14.1153744848097,11.1649604511846,13.9050194266258,21.0657124639842,15.465330529031,16.2215524244571,28.843149683481,0.116212796905937,0.180323575375356,0.397097613646139,0.130238673864429,0.140179475081715,0.178123132795902,0.138297822303828,0.119049462907446,0.166674739891856,0.117615195403923,0.133430497526227,0.121576170217497,0.191440811126887,0.183697519453366,0.1433932181085,0.14426122553425,0.0750751639323245,0.0748779535513061,0.0694659208266819,0.124844385332136,0.105436096714494,0.103642964273191,0.144062776012591
"37-OT",0.929878044660281,0.217505727405251,0.0326779274919693,0.0237571364558278,0.974411509092704,0.562029495224537,12.6816910905078,19.1394571504333,32.1151878491362,23.2212812795371,15.434061877614,17.4421064737245,18.454778531399,12.2140518645666,19.1729907737661,24.1136651371762,18.6632200132309,17.9305832757699,27.3690645288004,18.3215966612403,18.5193788233967,15.7323443011008,15.4092604829617,11.1717828685369,13.9936315342102,20.2175789432695,16.9697680953765,15.047285581966,32.1014684277163,0.114403361732586,0.195385571505714,0.432100576745395,0.142944146229616,0.129328456013345,0.172365297726753,0.144921872614155,0.115566846076091,0.158904155931949,0.114130957592466,0.12258417887353,0.124613886767737,0.198550873223951,0.162811168181414,0.1501568563466,0.145375511034242,0.074447182908649,0.0809377618075407,0.0696727566118411,0.124314985044884,0.104206053015063,0.109480441988551,0.146791364485406
"38-OCU",0.928124326171107,0.565803962189269,0.0329397044610867,0.0236206763634526,0.973797775276083,0.834310701690001,12.8026141297243,19.9725062599265,28.7454780262056,19.191497348407,15.2409461108262,15.2640939329182,16.190286385471,13.9963286569901,19.5368954926021,22.6067213944404,19.7469151524071,17.2960443660276,29.4913888043453,20.0362009134993,20.3317613974103,16.7091500928555,16.8804130143681,10.2067498294448,14.6812286583353,22.1564915099426,14.5562747899709,13.6369221383001,31.1393262885466,0.117227255885314,0.195898110735306,0.396150018550179,0.137110910667501,0.127078684768813,0.143775788838,0.14100419339862,0.112111491254978,0.161816003063181,0.114334882809215,0.127363823652703,0.118125267875298,0.201830414514938,0.178153281249926,0.149063548317671,0.14961370943569,0.0752964631837775,0.0751838365047941,0.0695538850661004,0.128669748385833,0.113829506213669,0.100025264977722,0.141755809777353
"40-KAG",0.929168112231522,0.407339982026318,0.033543302755502,0.0253970058389114,0.974037649733226,0.695763156709549,14.5238035528291,19.5274155874101,29.0453901026491,20.5968675276617,14.7750987377065,14.9638396746818,16.8676437528022,14.8689869524764,17.8344330955329,22.6336249853282,19.6590660761761,17.9177792853386,27.7304385468705,20.7220109211526,20.0194336275726,15.6216831303729,14.0753509751211,11.323870179695,16.7144445508905,21.9356954093946,15.6926418506152,14.9070607249212,27.5535631695834,0.120428470915895,0.195699091882226,0.408480037019427,0.14030212130534,0.13619297559806,0.153640266265504,0.137663283749458,0.115986300503818,0.163787056521487,0.115810500491304,0.121864417315592,0.124627641612575,0.196849706485911,0.173660917329583,0.140153121140239,0.147569450903103,0.0746730975082128,0.0726906405663387,0.0676350032440107,0.131358208252835,0.110008193537212,0.101264985007494,0.142760434146589
"43-OS",0.928515035421415,0.450569012594695,0.0312118709472533,0.0245698280256012,0.973916151229419,0.705302447503379,13.2751084947386,20.0504726964333,27.6547348049448,17.03449228522,16.4169466913845,17.5464623513447,16.0543904995979,13.0023718757045,19.2756835488854,23.0807794545086,19.4679737631395,16.9443783096554,27.8793341399817,20.3638428879867,20.3402522880916,16.2032949258877,15.2823923062121,11.0831782200543,13.9584444682417,23.1529070082287,15.1548461610515,15.0380144936676,29.1870332110488,0.111333271525183,0.210522591878529,0.428273110729886,0.144853224860298,0.140022005965607,0.161099710908128,0.136162148121595,0.123727308385011,0.13827655053413,0.107444902757439,0.120302309690422,0.119013000683492,0.195340516628341,0.178916164366606,0.147907820827315,0.150169835018107,0.0754407408125138,0.0813641265945464,0.067835903079804,0.134472478025184,0.100977165344099,0.0993166517797795,0.13947284011774
"44-MK",0.929171936062711,-0.21020449728407,0.0479563631477312,0.0422027124612025,0.973832054503296,0.806824254148027,14.6399847425115,20.9768418152284,29.1737353758821,14.9095595599242,16.0810873963794,14.3867607573617,16.6074904423131,12.1117949860572,18.7355264410986,21.8304735420799,19.7730429834576,17.0240692007689,27.4256465893111,19.2226853688164,17.3503376754886,15.3313771823862,16.0562551003634,14.272640217832,14.1359796708398,24.5703195456685,16.6238818655191,16.0395948455166,27.8914708894232,0.127676886876419,0.221241383958366,0.424433263139114,0.149492107483422,0.131520344012182,0.125160199446422,0.143103457666046,0.128209615448938,0.137068906348558,0.104163282190253,0.11893572237524,0.114755884048987,0.188944147713049,0.184903072335801,0.134696504330522,0.152425663387242,0.0681498237338125,0.068396008211451,0.0634792798848211,0.128389005730629,0.0995912603895033,0.108800282643824,0.134705269380991
"45-BKD",0.930408494070366,-0.237489482326434,0.0369516806378188,0.0289267186204415,0.974722233425954,0.315644322963272,12.3052944226597,17.3002326174633,27.524921425037,16.395247010104,15.6231245450504,15.0217104005769,17.3135645944196,13.0123167357762,20.7109385997913,22.3313479172553,18.9678944658982,18.6509828140915,27.6797227803307,20.1739569165764,18.8672932299772,14.7855019976317,15.4468678133671,12.365390950654,14.7061652048537,21.6196539630399,16.4793958739072,11.9544676328531,27.4216058037341,0.116335548123991,0.21109892137878,0.403505579848599,0.136933130285971,0.133671237632783,0.156732211656462,0.13986825919645,0.119776477880291,0.158957257600231,0.112664838753651,0.123893670190632,0.122373210617812,0.202874176347425,0.190307149567561,0.145432535745428,0.150151573100109,0.0754322105909988,0.0727605265377823,0.0669339044531164,0.13151095356356,0.109102906697064,0.10907313254002,0.139636828644508
"46-PT",0.928766472919121,0.548942202132698,0.0307981038595061,0.0229720440433018,0.973997055931704,0.761972890002473,14.1094007117223,19.1568867626009,29.1883204773902,14.9325589556061,15.0425413888713,17.2708404448567,17.7512304769433,15.0460447447683,20.2660992055469,22.8518102808799,19.7514913032777,17.0357594721829,27.1533780673243,21.7523973392097,19.8153193360407,14.7475295630595,16.4766400444791,13.4476365902576,16.2953263012822,20.4064448415682,17.3234929535118,15.6975602056362,27.7887659587186,0.112689560861906,0.206223281620736,0.428377155964687,0.138322441088195,0.132633496214251,0.155534910143076,0.136285042209709,0.129783504599145,0.147689808288776,0.108414609060802,0.118285259574166,0.129951753333318,0.20375238394749,0.181663885769423,0.139388063087666,0.155194023380225,0.0737404595862143,0.0695019046340889,0.0677843530265865,0.125117274634719,0.104568895261543,0.100552979284399,0.13899884537501
"47-BK",0.928579881662413,0.380944946511758,0.0351902433875571,0.0263339187506788,0.97411565688878,0.647191005852355,13.0189052986728,18.9483690432512,29.7614267990705,17.514562700885,16.491738234169,17.1308474984234,16.2283571414518,12.9724411303615,18.9883823605319,22.2873314825107,18.1271543812793,16.9548504102406,27.9212823244039,23.1234477672252,19.8472449579297,13.8426848763083,14.0275128133131,11.8159347632096,15.9479635681935,22.3734202348319,15.4379969695526,15.7093011201799,28.5418637727702,0.113124285439125,0.193375604587906,0.410570586521799,0.133291675521604,0.13640646516813,0.169013733066939,0.13083669858044,0.124433953000648,0.146125655796016,0.108591983330574,0.113740076154497,0.130774289479235,0.205338506694061,0.179892401334145,0.145432849634277,0.139014305661802,0.0775376950556933,0.078471048170837,0.0650438825058937,0.129972857531524,0.104541484818871,0.107303345451163,0.140295458352636
"48-BN",0.927551656796463,-0.651220569595943,0.0711745919657126,0.062143105958598,0.973472163931113,0.370500742138569,13.8230751032944,21.472295695595,32.8350394432468,23.7209015929133,15.4804754484312,17.9576647505408,17.253183687457,14.0912975195878,19.9194768296996,23.9788433918042,18.5936032851925,17.1320233699587,28.0153095335793,12.6584594523933,19.232480893826,15.2654893671252,15.1494626225392,13.3046936202394,15.3089446415827,20.4252861249866,17.5863963478454,16.9996685656794,29.5080715073964,0.101679089529241,0.187112732524042,0.417577617969511,0.123057817529475,0.126746620846372,0.191687561033006,0.128721080848836,0.10763048136207,0.131703622283159,0.110990016778345,0.107141237572622,0.112835550550078,0.190843693942864,0.130376177465423,0.143253215136558,0.131350370504948,0.0769985839897189,0.0686797408260262,0.0662278887844913,0.128624165669178,0.101595111641889,0.10258473063258,0.131850062472409
"51-MF",0.929840672272413,0.035847660646892,0.0536674721999686,0.0433991890700122,0.974295369573004,0.635200784175899,9.80838185962752,17.0390695619168,29.9483058746188,18.218981089795,13.5903659005554,15.9626629448579,17.1142500309385,11.0700793951586,16.5836442012284,22.464459863926,18.1702704111727,16.5527062997865,26.7976576699646,21.749183304456,19.1194626628737,14.9251434714826,16.0615144485941,9.33420041496124,13.8111693570388,21.046008161595,15.2469448895181,12.3389942278842,29.0251253936821,0.118636739750366,0.20668438207175,0.415661567301026,0.138961427717913,0.126724382759085,0.156651457540682,0.141257275218331,0.114163860955265,0.148476196913564,0.112329143392632,0.117127639601368,0.123385147638053,0.178328301821507,0.169213313745835,0.155839957463802,0.136291786637133,0.0699493531919571,0.073812727677354,0.0709101777863618,0.130421397395904,0.107379464555837,0.118133714315196,0.144906143994331
"52-KR",0.931413432445262,0.145086694354788,0.0437347081002568,0.0350937173835929,0.975216075503563,0.547503148340058,12.0999675554723,20.2384957913242,29.5580594011661,17.8922373960608,16.826519429349,15.5525653598808,19.1233292226669,11.8738232188364,18.0523830304512,21.0101200792369,20.7200989233773,18.7074027253378,27.2594694863846,20.9130852478928,21.2799198452784,15.1797206117792,15.0242095434343,10.6073169170925,16.421959869395,21.7497796999728,16.4934183401637,13.7056494528926,28.7723680062321,0.11015021262502,0.205447695816833,0.416192148082377,0.134971834520394,0.132102693830247,0.157139326036049,0.138137762900851,0.118041933460127,0.141017221100635,0.111018670960243,0.117394924545638,0.11806143357135,0.179463311940085,0.183136519260427,0.152738879946798,0.156476075189757,0.0753986721752131,0.0737177029121911,0.0769772228282696,0.140858302261634,0.102881141290753,0.115893870627621,0.14146256688107
"54-MS",0.925859773469562,-0.754582035397976,0.0552127237448561,0.0438745559417663,0.973983288546108,0.613386344234583,14.088400355259,18.7114439326751,28.2103634103842,21.0794091143516,16.5353466942722,15.9448406388354,16.729341745199,15.3827042637436,19.38762821772,22.0940476213297,20.01129091037,18.5929196507986,24.7165871499875,18.837500604158,18.486256926525,15.9356159721626,12.8834643692704,12.6995413895131,16.7117374376134,22.2135729060625,15.8165506887869,16.4727249641678,28.3787534866553,0.109091136008463,0.170628087098476,0.371824133456814,0.127381959341584,0.126922793678641,0.119984829659296,0.12852873814281,0.11741292890033,0.14206636240586,0.104789042269713,0.133537965412546,0.117480972737632,0.135715856866175,0.161417574138293,0.120831145851726,0.144091889654633,0.0695356836993251,0.07252071503665,0.0597173910404631,0.134200541111796,0.130124246612375,0.111626587608446,0.135748017694363
"55-KAF",0.926941947631924,-0.132548655533314,0.0459977207730337,0.0380903632505227,0.97408528988163,0.57892251916379,12.5848349598025,18.1852555601165,27.7287732244486,16.1714949248457,17.3575835937146,16.0670848234725,17.6194669741819,11.5867208784318,19.8075918198017,22.8316927903095,19.8129151960178,18.0746061159026,28.0698837157822,21.4331649309542,18.6141126295777,14.6728541264368,14.778774581794,12.8618123296194,15.3362172306806,19.5486323784531,15.8595840799671,13.3650151702107,29.6553423872041,0.101181652168172,0.173948198006097,0.371549864010832,0.123443872092161,0.122819246579173,0.144122295874848,0.137739565497752,0.118376735860341,0.148903488550179,0.124612568269577,0.13566678446995,0.127676715795799,0.184379691185866,0.155948414874882,0.128555389191086,0.127183238995049,0.0668687202035338,0.0753834205366833,0.064282917639954,0.134254001748507,0.12797857489959,0.110518627395196,0.14263035333605
"56-MA",0.927749034588775,0.72240062990813,0.0344898191005532,0.0226839744220325,0.973812528294769,0.87622591964539,15.300267925005,18.8423039191634,30.9569388909795,20.3265380062951,15.6044816450453,16.62684503296,17.0917121543088,14.0667636783355,17.7963430896534,22.6276359333369,18.8976080904052,18.1491411491096,28.6025365018417,19.9540847435259,19.5714260333862,16.1392104733137,16.7841912473202,12.3675015705063,16.2294707184054,21.0381763692781,15.5340622189828,13.5987514541788,29.0891575480818,0.120120493227206,0.191909467573065,0.416154542138287,0.129177093170956,0.121483104770042,0.152467521502247,0.119645825742546,0.124142772306268,0.144728445516207,0.11492176047253,0.124296011413604,0.124153058620998,0.185598373236934,0.167295463040057,0.140097054611055,0.150084610971976,0.0726238276924366,0.071639616802676,0.0689437029634004,0.138428806935805,0.100596123431743,0.112154416936557,0.14247472191871
"57-KG",0.926336802996694,0.71545093013683,0.0339872411896817,0.0241926716189566,0.973062608537832,0.851755176424071,12.9500739724831,17.9908987837138,29.3167328275689,18.3502460075261,15.0362508887281,15.3163506397009,17.229346648674,12.4667440457412,19.686072045027,21.7159496544001,17.6627763380852,15.6648020714273,27.2899049092915,20.1936517095364,19.7176360623375,16.2541975737188,13.0017748497858,11.162223793213,15.5222183903502,21.1470322117263,16.5093442144191,15.7756312985048,29.4692469531787,0.108174717262005,0.19706449708401,0.440962033941266,0.137248294443325,0.115795351321613,0.142003192948262,0.134269036951321,0.133170491706255,0.147490658167612,0.115297184057826,0.12704232244673,0.122907113964423,0.183677341853592,0.167466682945708,0.14347686014344,0.139718755403006,0.0682278022025515,0.0745951173930249,0.0663161451815177,0.138005414545236,0.0992630221641158,0.10431563965202,0.14338322744092
"58-SS",0.928968394412806,-0.0582139763094724,0.0599875477543515,0.0501411256359888,0.973710946219867,0.786624807255735,11.7016337233718,19.3179853716507,33.5010743337631,15.8077996947592,15.2266414695674,13.3845410701636,14.7705053948223,12.8670054902492,20.2339888678277,21.4568637595669,19.6545299264245,19.0491329152997,28.1720643695751,20.1746016878321,19.3478745458427,15.019179857089,14.5549318985378,11.9674451316253,14.4984664130567,21.4026517363734,17.1651865836189,15.2769669057914,28.4862703727777,0.100003341571696,0.182761669025505,0.47337012411119,0.134957538254239,0.104875583005072,0.115535984133106,0.12840400366507,0.148165103543088,0.149105378048705,0.116135661071708,0.113491941301321,0.112421241795553,0.178391519197092,0.168469370930043,0.15865624713202,0.148906583996129,0.0726219845515871,0.0749662347926872,0.0644458806573761,0.137432924009553,0.094207783435928,0.122682690037741,0.139865886975762
"59-EB",0.929174330467691,0.436653380662499,0.030928724026124,0.0263750648243197,0.974375641732885,0.744836490503412,14.601855450443,20.583299796547,29.8182316316815,15.3339843199324,16.5969438697934,16.4159955321329,18.4279451286942,12.5518027577103,20.2855043080935,21.7417732506262,17.7522597234005,18.2348107107388,28.9203639349183,19.5797724391697,18.5134921660022,14.8788704341615,15.980518474282,12.3568543357685,16.2226057812988,22.2740605206976,16.2432829163524,14.0386161142048,27.4568223866035,0.115831273771609,0.190847920513087,0.430616640879318,0.134192965705954,0.13608233925738,0.153346916508118,0.133988501905872,0.117539612379235,0.153784971393865,0.113971974376071,0.121441505290136,0.123137893161478,0.192125831070142,0.181735451258043,0.138717481656058,0.158180188727116,0.0725391793802462,0.0794838884895818,0.0695086898321133,0.140202795441612,0.106970345040293,0.111305124815757,0.137407033340876
"60-NA",0.928976710994787,0.484400650559997,0.040617477839112,0.033280002520166,0.974339540808121,0.757021487386302,12.5636782239456,18.7991243344748,30.0584439516853,17.9932268408876,17.1522034011781,16.1021951029011,19.716673373619,13.5873558613597,20.04466406794,21.2871810251589,19.9850418130323,17.1304094976413,27.5660683134259,19.9145429652388,18.8746212650255,16.0031023581714,14.8580935253029,12.8669659969181,15.3904875207961,21.8458989407084,14.8777471833705,12.6900387242685,27.8558576604807,0.115504901510829,0.198372860158621,0.40671612940033,0.128053911770184,0.140563852919762,0.150212403658031,0.132252012787279,0.11624293299231,0.154849953214217,0.115497812714039,0.126510822222953,0.113188482887157,0.184558252911203,0.184333059004218,0.140315903468634,0.141380461703958,0.0729001213880792,0.0690940054345594,0.0623303690799933,0.143114185720587,0.0981905833765619,0.119899687660126,0.139788907273802
"61-KO",0.927807197516443,0.777174139678314,0.0289732716658573,0.0239668992388362,0.974057969972932,0.946063576190973,13.738275450001,18.5343373781034,29.2285965900091,14.9755400944092,15.5153647973149,15.8735412275846,16.495469439254,13.0052831207894,19.786406290262,22.7313771646894,18.5603189855939,18.9642441532705,27.0008659504073,19.577041495256,19.3601913354208,13.2281138485829,14.892357568514,11.6884388019546,15.5512174720177,20.6573383398553,15.4893077870133,14.2392956364361,29.0369676719544,0.11031232708795,0.201345383833355,0.399592519149742,0.145034291454784,0.133062069956703,0.154018167459947,0.120219250873088,0.124376099274081,0.166787630367799,0.122246657254454,0.121561486276684,0.120436564515408,0.187184804184631,0.17302811108562,0.141164894579117,0.152317562655159,0.0727426336880067,0.0707360940791758,0.0662037857300052,0.133853414850305,0.0985692857073714,0.0955576835583779,0.143657857865798
"62-NS",0.929052999847449,0.642655465165656,0.0287877824991968,0.0223784522265223,0.974557765568053,0.898025487648582,11.6336031004733,21.2779894835645,28.0995010805221,19.6416879935087,14.2875635201425,17.2128737165121,18.2436570384018,14.8425388477596,19.9682395655593,23.513089986767,20.4926888437152,17.6013367837069,30.0231928559559,19.7081866679168,18.9937989024255,14.6414869179091,14.6866265762066,11.0298922312718,15.5272321169866,20.6341411138504,17.2890136500328,14.4956314139938,30.8464418479554,0.103112216060415,0.214037855375378,0.427545959604901,0.141748836367778,0.123829407684129,0.17842119174492,0.131366647943463,0.114335644305256,0.142583584194888,0.123801081814198,0.114709464376408,0.119739904269528,0.207594875465871,0.171138849937262,0.131196805116355,0.14872267668143,0.071759103601412,0.0734697845406632,0.0669754341108845,0.137380906606302,0.103898860413321,0.10022882185105,0.143686089885478
"63-DB",0.92948039796229,0.587088741756348,0.0394877564914281,0.0310083335384566,0.974647043124667,0.812941806998034,13.3012365746201,21.3229149387876,28.7531366914293,17.0732134781082,15.3256608580889,16.5023300978574,17.0624388393947,12.5413213098755,20.7738740400578,23.788638428313,18.4223057966745,19.4006408536909,26.8326858038348,21.46986960408,20.4189194895505,15.0015193292702,14.459932728626,11.9356713909306,16.5555951851873,20.6781924963868,17.1572645765743,12.7151904821241,28.0112240412485,0.120102092065524,0.191429975735978,0.410764011093288,0.145167601121695,0.116774280329652,0.153267111759103,0.141899634522231,0.12334903962413,0.159182265743718,0.116620351793896,0.118925358073003,0.1193178523134,0.186303599804172,0.166025308870684,0.145152723323412,0.152236611579131,0.0722528146120503,0.076216020835757,0.069171768924106,0.135134991784944,0.0999224212799066,0.0937308748717477,0.136811709743578
"64-KL",0.928618150863419,0.436892541801004,0.0380889374195444,0.0309990093353025,0.973991306025159,0.742800104083234,13.2958444213719,20.3869065929837,30.2954551927287,16.3642572810576,16.0126529535781,16.1014016434705,17.8665392487532,14.7354285155934,20.072634092468,22.7101574360673,20.400401551031,18.42198873444,27.3853905608256,19.1061951475576,19.2121407417092,15.3186430899823,16.1887540541221,13.5518529441013,12.624823271723,22.8375372394731,18.3278922822661,14.0308243318372,28.5017955674721,0.12021240200787,0.203853542393988,0.417718650008439,0.144234659300321,0.118420564166602,0.145540915909744,0.138324778829934,0.127482681346579,0.153917964072488,0.110745392743591,0.116688101553336,0.122281617517291,0.176721748444661,0.175757644785302,0.151364306903435,0.153295263352066,0.076239357842883,0.0725994901862573,0.0677688564363943,0.140669394381638,0.0987786962243604,0.103800632176641,0.138107871763949
"65-BZ",0.927265192504971,0.63079068376145,0.0340194742222552,0.0278460142144047,0.97355958798578,0.825237460898431,13.9788520406344,19.8659153325469,29.5368141727115,15.948367045283,16.1757791250629,16.6008113601545,17.5534777376172,13.4449336405997,20.33578344344,21.7938246201893,20.0879651309032,20.2533116221788,26.8473815185872,19.4412518507517,19.6212072112536,13.9120945937981,17.0224170550731,12.8517872763883,14.6608086362588,20.6825936645359,17.4089181402401,12.8488650033074,27.0830952859882,0.11049343931052,0.205666344125195,0.396392423691382,0.134332989690929,0.142719713177459,0.158972881278771,0.143984585764144,0.124657069378099,0.151306546619538,0.113361728879167,0.123860856229101,0.126439586666049,0.194669897338429,0.173940273782924,0.14608476560046,0.143469085166009,0.0751641357292041,0.0698796329905133,0.0672605514286569,0.138073239687456,0.106833123750286,0.0875991461403142,0.137202437470312
"66-BY",0.927795526119127,0.445868073081066,0.0455805802674427,0.036647911337771,0.973532923971364,0.804609384584295,12.2956798645707,19.8677999054346,28.625113903244,16.8930516488768,14.5356028452082,14.7630772791718,18.5659000819428,14.4278087292128,20.5822570643899,21.324120187189,17.9176398128249,17.7230254394068,27.2163520594,19.7645110198902,18.5800919424024,15.9893436182949,15.4868078500815,10.2912997965171,15.6841909826405,21.9429984880922,16.5542652646216,12.1380556394271,26.8673402795978,0.110129246883576,0.207461048416374,0.401025715494247,0.137048706860822,0.137802301394415,0.14173597898428,0.146738427624511,0.127874437315349,0.163076350054571,0.114257495203866,0.120040274671269,0.121838958825374,0.179641855440196,0.191142588685937,0.137374677425778,0.161506503471802,0.0678851132051127,0.0707904800161667,0.0649877151525078,0.138897367015531,0.0902396944857948,0.0833517719387306,0.130294945802529
"68-LI",0.928265874010132,0.569784183224213,0.0416899759710639,0.0331250622216545,0.97393357244307,0.833287053158849,13.9020893075767,21.2128324202769,28.5903930325915,18.075335707636,14.6430772690183,16.7271597103253,19.165531181878,12.2260852681567,20.3323679593836,23.0976902168753,21.3705034550638,16.6849145711562,26.3552936521184,18.7958809044149,20.8393703263763,14.779916033266,15.8742575050302,10.642003949852,16.0179156826778,21.6526257562257,17.3967587108791,14.0140053059267,27.5769716744204,0.10876665625088,0.207062452266722,0.400221139009742,0.13958486238794,0.12772563905777,0.147531612843626,0.139433796391677,0.125605862551991,0.142731312510657,0.114124202130168,0.117347199028128,0.123991347503965,0.180875790613154,0.172623834434577,0.142515211426522,0.148606491974514,0.071611263688256,0.0735909582838935,0.0711031297233305,0.139790062437433,0.102001092904722,0.0997869165980932,0.138375930389681
"69-BV",0.928543169606822,0.697677844463308,0.0296833789025933,0.023164757074484,0.974156606448098,0.871813775383252,15.2631589332545,20.8508896612704,27.6449165003642,16.3382886931047,15.4574744536616,14.7276788192232,17.828410068087,12.5880013306618,18.572471847182,21.2081030978949,21.3156440295257,17.7846762749755,27.6450631724009,19.1572360866671,19.0254556362475,15.6335244849051,18.7181836657635,9.94079518827625,15.1978626661104,20.6535561235384,17.3392642681172,10.9187738074587,29.3344078988952,0.117991513247174,0.200619176846241,0.402686579431923,0.133007821621379,0.136942518524428,0.1437174022319,0.138946771468749,0.128395099485477,0.154119356825398,0.113762064127993,0.125306859253139,0.1210349701205,0.186398374851349,0.181590842409697,0.147855816421017,0.149608296528641,0.0706791690920713,0.0780862957629548,0.0659703501177699,0.137692131626417,0.100547633516059,0.0971339949440348,0.137012640227909
"70-MGG",0.928178148138831,0.602529210566821,0.0401149767549477,0.0300797376524241,0.973999366363272,0.808785551684964,14.2058727419855,19.4648085874284,28.3778049095395,17.3820810208033,16.9057609232342,17.2944786466274,17.7478984599915,14.9756252757325,18.6701272280716,20.6713422822444,18.8157977171793,17.6380041035409,27.3754197767065,19.3744923196319,19.3484636639339,15.9484461038,14.5311995198353,10.9567672260342,15.5753224457144,21.2081273274888,17.1994384736319,15.6096401789904,27.5265814468561,0.118686945423654,0.194804806834502,0.402811510263466,0.132911978788958,0.131442573723772,0.173625281221607,0.139576297516551,0.121588795857463,0.148083742097551,0.116020645697576,0.121640660625912,0.120999471299041,0.184002866705168,0.169474258309844,0.137169829529554,0.149010291158991,0.0729484232211218,0.0717018236746454,0.0666534718994457,0.141995977281417,0.0950445739380393,0.0914229658294233,0.136817354064918
"71-BD",0.929981268697775,0.344772890502348,0.0426243024719546,0.0345777571307226,0.974829367119377,0.589300612485921,13.0738919829712,19.4452003088021,27.5391607821068,15.926637115077,16.0302684539987,18.0620104985367,17.8227447735751,14.6976614690615,19.340561205465,20.9991046900567,18.7431826505163,16.8679005901143,27.6434246162943,20.4570241360695,20.1086551711146,18.9540775124637,14.4477013663253,11.9810988979835,14.8719227246677,19.9778462468204,16.7752333307852,13.8205311885679,28.9304758566294,0.106534243762045,0.202109965944069,0.395742804640733,0.138487186908932,0.136824671288487,0.165915602412186,0.147484153649981,0.119578041820691,0.153306026708004,0.114926986363697,0.120958148546465,0.121728867313585,0.189317189566944,0.177886213418333,0.142131853265732,0.153131006968761,0.0776552504072391,0.0713145855958954,0.0674624374878018,0.136949648458712,0.106041327331949,0.103047350629935,0.14048826463068
"72-JN",0.932436291683806,-1.42911807226226,0.0686049424786274,0.0603661347435914,0.974895764361964,-0.132628055123116,14.4739498567287,19.9006482726452,28.8876973761184,17.7339859891172,15.0558223082723,16.8190104499755,18.1269516653085,13.1110017774408,20.0773393570314,21.3949735787193,19.2206193872974,20.6578800538993,24.8339946731547,21.4130932056019,19.1408912754652,19.451562578535,12.5791839819394,12.5468301048116,15.7614408945627,22.1106108459546,16.4032376904347,15.5813090035046,28.1974046352895,0.13028398073101,0.2035492380579,0.412099326470313,0.138170589493465,0.137887430056511,0.153362888408357,0.151491721393968,0.148688759514702,0.145558027541881,0.108445884139976,0.115717565981746,0.117717757127936,0.161156428585739,0.204987528621353,0.141032775309974,0.1610480702996,0.070667083207906,0.0768874854170505,0.0690560457198094,0.12781375435787,0.101014659783044,0.0997985980009509,0.134747257308323
"73-IGG",0.930958492290003,0.247221267624427,0.0509493392464333,0.037627736011551,0.974965886387779,0.7077109679995,14.4668115827665,18.9676464066105,27.4017802975052,20.2641815436906,17.109382612893,16.2566965327674,18.2002253060798,13.6615738560277,21.2230285282623,23.026285131912,19.8533191300707,18.8110836450203,27.3133674741781,19.761993570038,20.1221320796189,19.3894181646597,13.6498242965991,11.1004955231236,14.6609740735259,21.0294847244568,15.7540095178679,14.5097986387871,28.2958656896276,0.116555574100136,0.185502894595399,0.393282567262679,0.13765571734647,0.14828200427775,0.152692600909893,0.136536930417961,0.116839464034972,0.15525706784972,0.114286251640786,0.11793634930724,0.136679348972032,0.169638439979188,0.175664241306683,0.138294791884047,0.176212478206846,0.0732275721188164,0.0721280090051586,0.0644347367931669,0.138583850934865,0.101329719910273,0.101064654909415,0.13878628608986
"74-NAM",0.929675373596958,0.503707089671412,0.037282114735533,0.030957085364248,0.974708981416941,0.710203199700217,16.4410313529085,18.2258083002625,29.0923221612671,15.7557464275815,18.4918060736494,15.3988648893539,18.8554033573417,12.4079418808027,18.5292862592725,21.9748473165064,20.9234572474976,17.3520566426896,29.0824264725604,18.0424576834999,18.5364711638,16.2756382616821,15.070032186177,11.5202817068873,16.9424537312842,21.2960988673096,14.5149464457041,14.1239872133405,28.0806287721781,0.133597777485748,0.194655761580847,0.409586647254307,0.146775189988134,0.136916203518816,0.139399437336542,0.143335262566663,0.12460982735991,0.132254589588472,0.120496005311196,0.118849883027807,0.127067065784769,0.191579715279861,0.1799565130724,0.143352620673231,0.147963217363507,0.0681721257704947,0.0702718888590718,0.0701605659343313,0.130828576543803,0.105428208146616,0.0973809574185959,0.144083888507973
"76-TB",0.933776035632743,-0.664623954726085,0.0707895933571331,0.0630283601612031,0.976285523141218,0.613827849510487,12.7121556244782,19.3501917294748,32.4961810090628,22.5953927021558,14.3336864157082,16.233567303805,17.0444038246366,15.2158563500553,17.5602107895149,23.5146703074139,20.4399311114091,19.955464103366,29.271237397077,18.0038704947862,20.5933031992351,14.3964160697558,16.4609654495521,12.0380195458576,14.6236835765101,23.1116586257014,15.7117336949689,13.2292681921041,27.0624712836363,0.118717353231027,0.18223566922242,0.415056584138845,0.12993155170812,0.114896356793825,0.142551537331359,0.12428021141114,0.104338158148851,0.154254671743315,0.115406269229352,0.12488380106115,0.115725703515458,0.21561741462687,0.152631809139932,0.164249244849715,0.138758449819694,0.0745590892082356,0.0778827096310212,0.0662616206128613,0.13021013118919,0.108793341933499,0.114652914385761,0.127845113319605
"78-OK",0.932272699529928,0.0160493399148267,0.0597046400794189,0.0469928115603221,0.975638904502088,0.75173146732988,15.261613164855,20.2665209316517,29.3934734900445,19.4533631480609,15.4112953683166,15.951880962214,16.935415985217,12.3996072958935,19.0545267039697,20.9241905308291,20.4878878541063,19.1029542461912,27.8309344279512,19.6696965718632,21.1427925960931,13.7347015022545,15.2316764230242,11.3005925662076,13.442030656455,21.7335609854986,18.0153946957139,18.6624804419761,28.7444614653082,0.111559548412241,0.20708444765442,0.413375969773797,0.136677649736866,0.132044149747423,0.147784852233976,0.139989481607804,0.111445140262432,0.134319865090243,0.108556871468172,0.117776903486117,0.128769630549036,0.186277382437444,0.188056505483632,0.133228355501496,0.170364701290342,0.0712015375954289,0.078255858712584,0.0674549915539012,0.142667991568552,0.0955387233409308,0.0979820333128803,0.139152973477104
"79-BU",0.933571278646416,-0.0877396358473057,0.0683762866876585,0.0586440255772898,0.975935881182788,0.845923196434988,12.4037088899135,20.3819157429942,27.9819663593337,17.6741207720549,18.0119816820227,16.1060361419087,15.0597155851185,16.2398673057967,18.9039599405323,22.0610060978261,19.9401194518444,17.9326358260657,27.1830602429712,21.1214507958926,21.3122765226095,17.5315212782025,15.2764708687703,11.8944118886253,15.7406409257988,22.0508182577686,16.4376671129967,14.9299788443969,29.1497530226978,0.111203191176564,0.206774882309902,0.40224214258697,0.137317532065791,0.13254763038724,0.149206006970761,0.138547192762153,0.109025472729363,0.135718966904667,0.110950540434071,0.111484612917644,0.131763324676708,0.167064925998365,0.183936857997335,0.146541019715632,0.138369485604822,0.0727494940022603,0.0689130737433144,0.0685629547463653,0.133088754370848,0.114534694431803,0.116821173865723,0.140121279141896
"81-BUD",0.930334910135333,-0.75194444519171,0.0535421763126156,0.0466627727922131,0.974754590312322,0.784327382737611,14.9753134642838,20.8954686671786,29.8324291944638,17.9830187214708,16.310257563215,17.412022177002,17.7092742560722,13.6557429009142,18.7634236789998,23.1768577820472,19.6155542789339,17.3329697812579,27.7548840831766,20.2199767297603,18.0174138406716,15.95755159674,14.8346532179796,11.7381522417201,16.1861802356465,21.69204167313,16.1117897125479,13.5897616530342,28.3271403946551,0.107615900577299,0.180980311532277,0.390479672254053,0.130755190140866,0.126733330314704,0.153002480224333,0.122051470037569,0.119099912330022,0.152377431506709,0.116373556482882,0.114749683899673,0.125659975446554,0.221500101020373,0.169125616721467,0.156491619229901,0.137200811395292,0.0768153917007573,0.0732824893025119,0.0671123322658873,0.139789785153165,0.109429543187835,0.10028130620316,0.135648578266842
"82-BON",0.926688591401234,-0.398299429742145,0.0530892617807979,0.0462328069008177,0.973565115117053,0.817525684467133,17.5009280477093,20.7022882160955,30.3765496342721,17.6255001127652,16.3245402794387,15.4274724758799,17.4094272215724,14.029192550432,20.9417310454217,22.2999494801706,19.5021388331577,18.6881070085693,29.9000340675453,20.6760275469476,19.4429560829008,19.8138350842748,15.2269342503269,11.7655549633682,14.9967189922081,22.366636729331,16.5989408316149,13.4691648100839,29.0460042978195,0.106479375739188,0.167518689506149,0.37853308623287,0.129174457131399,0.117713091478643,0.139643418698096,0.120838089675396,0.105439000903299,0.146456620922663,0.115116488664344,0.113110621061717,0.120444624362119,0.226826509469363,0.157783061582796,0.133032325661534,0.142707757140348,0.07147308137846,0.0724675332326661,0.068575406826128,0.137149467592114,0.0954082965257476,0.115609793315329,0.145076801343196
"83-ND",0.928527052621279,0.33701853677776,0.0472079408361697,0.0386340701229542,0.974119190401552,0.65587219893886,13.3634529378536,17.7065649533694,27.327662123322,18.6387614731069,16.1731864423232,16.8165964188889,16.5034176185373,13.1916659662314,18.9232798354962,22.1758550540918,19.3950464767262,18.5435839000416,30.1169453776857,21.9469591255925,18.4286543150357,13.966756380016,15.3280308282582,13.1777168431669,13.4611573782034,21.9401008656458,17.3782947988938,14.2279232846366,30.9723688798454,0.10051387237278,0.182781897203851,0.387764946967144,0.135430169995441,0.134122393082129,0.148247273171587,0.132405374107101,0.119471315356015,0.147663314527251,0.111063478521751,0.118383435276179,0.127319546936933,0.223423322343295,0.175139093161039,0.130050389903748,0.137616466021506,0.0774099983209469,0.0699597604647888,0.0661681205233592,0.137324392541512,0.115580075011521,0.103253848893328,0.151919165970509
"84-MAN",0.926907732751453,0.524591159166857,0.0255069518035193,0.0206966008528889,0.973691378914155,0.843813947684389,13.1441937670283,19.9789667433647,28.7082833924603,17.9294182605592,16.7932846999268,17.4426765292801,18.5741025910805,16.5769611299242,19.3670649136211,21.0272853952165,19.128338986042,19.429758581148,29.1772515001041,19.6989232785195,19.0034755397853,16.6975626084629,13.998534149488,12.9744723410117,14.2961884528925,22.0072125716935,16.2935506186353,12.6769467177784,29.0910393411597,0.107445179332557,0.1706788098434,0.384893431093812,0.139817916606044,0.120838449301326,0.153522142643291,0.119882872291125,0.118104552181174,0.150652486466199,0.112434243695484,0.125361672281865,0.12956494438634,0.228158807829231,0.159559747767554,0.142966930507974,0.134815852725859,0.0770693843159271,0.0705555567261456,0.0700705951381831,0.141834336952674,0.101520563141407,0.115644133687247,0.139383985326998
"85-KSS",0.928295686599393,0.307554641363641,0.0341817209505154,0.0261754659027317,0.974323577131692,0.664967176641265,13.2414579388388,19.6270544006946,27.9083250078949,17.0379896311994,14.9514907598475,17.7883501462865,18.074407454211,14.6314076392805,20.5304460492531,22.4736066061275,18.3530470234205,19.4670904749135,30.3952481707615,19.1830879648238,17.6423534333101,14.1601923757679,15.3042255416295,13.0474957715224,17.2480009596025,20.9167696404818,16.0107217008816,18.4384804883567,29.9336176175726,0.106035300185529,0.180203294875334,0.397071402122276,0.13731097951351,0.124904315068748,0.169155615125102,0.134379642651561,0.115427814893385,0.146058815026155,0.112340134933076,0.124524835074401,0.132298971470313,0.216391699998769,0.177547311534472,0.136793525051883,0.132940905210296,0.0727458987371532,0.0683965749819135,0.0651143943019584,0.143098860175114,0.104879917202712,0.124296126971385,0.141092149443262
"86-SUB",0.925815921735437,0.1833767167013,0.0389282517970948,0.0338806232907947,0.974076638204856,0.864644866392769,12.9022097431446,19.3441701632584,30.3940395101857,23.257716429655,15.9613638300597,17.0838320688435,18.1805293459982,13.3168555991628,20.6011738660554,20.9819467243522,21.2559261933603,15.453586245998,29.3405855805651,20.5247970280918,19.5219375735837,15.7889658655995,15.8992345775163,11.1514862256851,12.8499708836698,22.9225864702664,17.3183057532788,13.2100857937022,29.0341323038666,0.0975536461373752,0.158074429505134,0.350468693203527,0.133662432860586,0.108649132380572,0.157510292684004,0.128790597315222,0.112226822167338,0.142764670573351,0.11406639240764,0.119552016210627,0.137711450309479,0.231344945146437,0.164024683054965,0.135159438571386,0.125515888132471,0.0799989335390272,0.0750988854076027,0.0707132892375478,0.139818252958147,0.0973368833960391,0.113896781478275,0.136770989891587
"87-KAR",0.927710034544513,0.234371029796102,0.0399608327520492,0.0331262000518012,0.973692482885298,0.499052151892915,13.5686536180618,17.6897776709854,30.2947065434823,18.7548762452743,16.278724772292,16.8815848041949,17.4045384092008,12.0638611325113,20.8584801115182,22.3750306549693,16.7567727411648,18.4102562177731,28.4345776664376,18.160302487333,19.5439888318861,17.3063289747397,14.2454033107278,10.6669378130006,14.6013863711969,21.3874836664556,16.4843677824933,13.5019327607593,28.7033579642281,0.119837050080178,0.169069260279779,0.386859107061689,0.134257384510957,0.124262740113385,0.158907406413326,0.114524035750179,0.110910621793934,0.159032337610075,0.114390318156241,0.124222249488522,0.141193768287696,0.207856468105211,0.177492305644772,0.144876690232313,0.161460157159728,0.0746959851098948,0.0744214543804522,0.0676167549543063,0.137724935296868,0.0987053455225613,0.10447926973074,0.143881930557129
