"site","rsq_train","rsq_test","rmse","mae","cor_train","cor_test","IncMSE_BIO1_mean","IncMSE_BIO2_mean","IncMSE_BIO3_mean","IncMSE_BIO4_mean","IncMSE_BIO5_mean","IncMSE_BIO6_mean","IncMSE_BIO7_mean","IncMSE_BIO8S_mean","IncMSE_BIO9S_mean","IncMSE_BIO10S_mean","IncMSE_BIO11S_mean","IncMSE_BIO12_mean","IncMSE_BIO13_mean","IncMSE_BIO14_mean","IncMSE_BIO15_mean","IncMSE_BIO16S_mean","IncMSE_BIO17S_mean","IncMSE_BIO18S_mean","IncMSE_BIO19S_mean","IncMSE_slope_mean","IncMSE_alt_mean","IncMSE_lakes_mean","IncMSE_riv_3km_mean","IncMSE_samp_20km_mean","IncMSE_pix_dist","NodePurity_BIO1_mean","NodePurity_BIO2_mean","NodePurity_BIO3_mean","NodePurity_BIO4_mean","NodePurity_BIO5_mean","NodePurity_BIO6_mean","NodePurity_BIO7_mean","NodePurity_BIO8S_mean","NodePurity_BIO9S_mean","NodePurity_BIO10S_mean","NodePurity_BIO11S_mean","NodePurity_BIO12_mean","NodePurity_BIO13_mean","NodePurity_BIO14_mean","NodePurity_BIO15_mean","NodePurity_BIO16S_mean","NodePurity_BIO17S_mean","NodePurity_BIO18S_mean","NodePurity_BIO19S_mean","NodePurity_slope_mean","NodePurity_alt_mean","NodePurity_lakes_mean","NodePurity_riv_3km_mean","NodePurity_samp_20km_mean","NodePurity_pix_dist"
"01-AIN",0.975256823446124,0.816960946929917,0.027594234812371,0.0216694317821349,0.989189641264979,0.929951571480921,11.8832615660423,14.0633315455046,16.9734912842455,19.3409721715482,11.2796571535545,16.5682280900957,12.3595788574463,13.4718483183073,16.5956263269005,17.2506499937479,18.4277371272265,13.4432392037996,19.8611442144013,14.9804911549186,15.4304969148215,16.9214295939226,10.3741158304096,11.7094351223713,11.4395271777874,17.2645907613995,17.9975347501443,11.5948490882208,14.1276122461294,25.1280402233438,62.0699420016638,0.109622633862966,0.151708951933169,0.498090951116503,0.157643669717472,0.115325970445332,0.279353908937777,0.147544947452706,0.124437634977059,0.159682762595238,0.100434283023337,0.179811305091246,0.121639837165584,0.160889041582024,0.301164976419814,0.327840808651684,0.113173232005131,0.12025662640023,0.0952822346904286,0.111404192656966,0.101414340074617,0.115484162418762,0.188631787784501,0.15427769887353,1.33635767769476,3.35156503498765
"02-GAN",0.975366111720873,0.867859991965884,0.0222294258777454,0.0168327791560554,0.989192672184085,0.948132863973408,12.6149736509306,13.3583170603895,16.5154547537091,15.3374827289081,9.70261816855539,15.4516608847413,16.8894379949848,14.8424602482296,17.1018079834175,16.5063537376935,20.4217422789226,13.8334117642753,18.2770710400151,17.3582522487821,14.8941660002917,13.6683525776677,11.2868684822125,9.65087797606807,10.285139771125,14.9368171561181,15.2571202522806,11.7868278085411,14.7815479306116,24.6498377195066,65.3181536630725,0.105866252481713,0.152835457344423,0.508346931481111,0.159282638280544,0.129928410180305,0.25199206880918,0.152703392948706,0.13022824071288,0.163542298489759,0.114335937049455,0.196611098808387,0.114048950687652,0.166799639145786,0.311534087400782,0.350516729464295,0.121267358659774,0.125917000625008,0.099575387329041,0.108577972937644,0.0990022572890718,0.116909595454209,0.183202615256277,0.161932412765386,1.3351535202224,3.27686987424841
"03-DUK",0.975671800954683,0.605764164733584,0.0340200793912292,0.0268210634165604,0.989364602893515,0.875921814348548,13.556468363697,12.6626158751408,17.0029034882631,19.7545910779738,17.5767454576258,14.2744182844561,13.0845010017158,18.6355159882401,19.0555041291053,17.2530891405217,19.4645114213937,12.852379431762,18.4428989180075,15.8351170821984,14.898032138657,13.7473848247956,11.4411436668058,9.22161534108924,10.6632396772517,17.5917463021475,15.7505783590464,11.4040310713026,14.8468821255108,24.8781901917554,60.7043106236345,0.101974191876914,0.167600017514883,0.516168013378162,0.168224765560724,0.113902600807323,0.273777793284978,0.153592399771129,0.11800487733516,0.161042126570387,0.110043204946251,0.179616401682343,0.119025867296777,0.15817127654237,0.336947225294361,0.32401369286839,0.126076235308588,0.127429981207772,0.0918727503167218,0.110937997783917,0.102704105139638,0.118551972901928,0.195502623090776,0.157238646703523,1.2730423585178,3.36998646732497
"07-OSG",0.975841388328647,0.671528639548099,0.0356914799763099,0.0290146444616457,0.989352587571157,0.823554225696094,11.8895085782017,11.6189374176397,17.6112406656682,19.3713190794984,16.3417880910637,15.4308843550635,16.6653217001127,16.4270422689693,16.4909142952071,17.7471982754118,20.8576810185176,13.5067607944512,17.1220344347904,14.9520044825299,15.5920775065839,13.1798755701392,10.9092824928742,12.8108639144493,12.1532777436658,15.6001956124372,18.2571784330271,12.4239091361063,16.2949714729735,26.289090725247,64.2944662172623,0.11418236628755,0.147632624100377,0.488089251896719,0.151564665087718,0.141342953084652,0.270675974535598,0.148431970934215,0.135190000362953,0.167491130631601,0.109063717437439,0.173464531160034,0.116329268907994,0.166157765987056,0.289188133960467,0.313757256116143,0.116041034709191,0.137951900946237,0.0995396451984239,0.111979565855881,0.0993657626790984,0.129649358548124,0.225484349245556,0.188050677633404,1.34779728110862,3.2641931831496
"08-MY",0.975420232578992,0.692557800078804,0.033419642900253,0.027049864620626,0.989206391189603,0.844994077593702,14.3180464451171,11.3261166521534,16.5051316024222,15.8203137779137,15.6836695651553,16.9446115358147,16.8567645966825,16.0257100692799,15.5947593207571,14.8897676347345,20.6257335192488,16.2318625318095,17.540598923631,17.297941744343,15.4339411986268,14.6643213058994,11.9787835750051,10.203101508943,10.6694666854536,18.1900366450077,17.8667557535233,11.8358377934735,15.4803540262376,25.0673567616074,65.0439399728771,0.105882754718715,0.149560668681801,0.498782779748506,0.155881153690568,0.133853934699814,0.281841349230322,0.153886363140053,0.125206669272484,0.176461799968044,0.10737708292244,0.163481363093947,0.114052682379524,0.15518151168546,0.277803081513812,0.329670908865093,0.1110675628696,0.126748526317813,0.0972358500345744,0.119558938608382,0.099468516777305,0.118519945421118,0.170436055886388,0.174121892771734,1.34769544745641,3.34327149795493
"09-ORB",0.975690237627761,0.576411034389785,0.0364306207553446,0.0315962489553761,0.989393629264425,0.881351349085136,15.9364610341985,14.1333747695217,16.7321181870243,17.7641041368425,16.5765276708654,15.454329277645,16.6464123346686,14.7636047953776,16.4158684441185,17.1433925866451,20.8837634714593,15.8779652680185,17.7921602234826,14.2777680331493,16.2119235776641,16.4697021659913,11.316556824991,10.3601624007665,10.1738136181838,16.2765338646531,17.7589886743972,11.8203111413206,16.616516613272,25.8411386924566,67.4285739596269,0.111897073648089,0.162604994081867,0.50282904780776,0.151381714178585,0.128221884653826,0.295388174190025,0.153340572887562,0.135006262597853,0.179395904918275,0.0989407121361477,0.169195729347757,0.108061472619896,0.15693265269392,0.338500924219693,0.269731958111883,0.110447023013567,0.119395935406734,0.107224158619709,0.109105963638508,0.099196502047773,0.12929331315677,0.198489473430353,0.158213263525826,1.26647696245233,3.38534269936931
"10-PAG",0.974675282940778,0.868297681713659,0.026941884438025,0.0212829902998526,0.988868747531147,0.952545845635277,11.6763612642913,14.0669775341912,17.7624887568333,18.1545528094374,14.1085562181285,16.7491875887509,15.6460316571718,15.980013453808,15.6711557818786,14.7842350720782,19.3713388294532,15.4353316500645,16.4261509496479,15.5718842512316,15.7200054615036,15.5525365527936,10.7210523955703,10.1847448275053,10.6223029016135,14.7495090532996,16.142286530741,11.8761891340089,14.9570785179726,26.2041217221783,63.7357261567707,0.103096442025296,0.174779318889853,0.526349463832541,0.166125810529464,0.116415321615006,0.24751679426693,0.141279277751082,0.143089791195676,0.152804146821598,0.102243118976056,0.191343192233604,0.117773311938429,0.147911167288906,0.320849032807675,0.289320721852545,0.101157965307994,0.123999864206841,0.106575074374449,0.120748928093342,0.0956135156359345,0.126771707453844,0.210290914083884,0.160744287846479,1.26010756523538,3.29153543569996
"12-OLO",0.974957239832676,0.885653129271682,0.021779289418256,0.0166543041833857,0.989013602290119,0.951913998307473,13.2693512698658,14.4121312378648,16.3214699869192,19.1079773075745,15.8716552918576,16.0753259169427,17.3695275874731,15.6174729381539,17.1528743064529,15.2236184156827,19.9517381390169,14.3721525910509,17.9936412855178,14.2465117802642,15.6943575243102,17.2402652188189,11.6514188602238,11.1109768503475,9.53146642645008,16.2569580983662,16.7024260466714,11.8850360298055,16.4659553426825,25.3083800408438,64.3908471945223,0.11257867693474,0.150121173818244,0.530792252170464,0.174976874826101,0.1272643434721,0.263695968166765,0.14711364624924,0.129288683319764,0.170982260685644,0.116080311223948,0.186356508113143,0.108141811559558,0.145726911398611,0.314599588876726,0.267581891803502,0.108634955221791,0.135553753967433,0.108513775958882,0.11201403510073,0.0987235886636059,0.119498267550841,0.191946384036484,0.14957188013799,1.41635824535313,3.24486104380019
"14-OKS",0.975339398220395,0.411800293257725,0.0452423653620604,0.0413222817831962,0.989133858551281,0.940450198863747,12.2578865415787,15.5419095426676,17.9457276610618,20.390631557958,14.9071976559622,16.109083418215,17.1525690865775,16.8841932848022,16.1488394133103,16.4517375022056,17.3084743613974,16.3693071378391,16.9362248900865,14.5704988565424,14.4876153846327,17.8207779276218,9.37075817398364,10.2872237457226,9.41639199668019,14.0017454791772,15.0109584938797,11.8463772549387,12.3453118858865,27.5224262177496,63.4777525298867,0.103870006536099,0.137889337393856,0.518993230836402,0.174824438635485,0.128306043524573,0.265405277951515,0.138236015165041,0.154050185382396,0.157130115116308,0.111565434525823,0.186881730919268,0.113051384790932,0.163578945758652,0.288069345751988,0.288026992201454,0.124318719342957,0.13597170887924,0.104823645532402,0.120057254702926,0.101362538319829,0.117105927013171,0.19048340968813,0.15151977268352,1.39265913318752,3.20243260468475
"15-NGO",0.974961059455793,0.657071279564447,0.0287647289401573,0.0237684922521759,0.988994332447312,0.817309999253883,14.6125963634998,16.6374541566896,17.2368069753974,17.308092650705,12.5676232084854,16.9879607819356,18.168431668398,14.8971057636166,17.8313150864685,13.0423456279545,19.7871888174008,15.6446540917104,18.3809814935199,16.8604047211849,15.5034158282279,12.1412576180571,11.8052596137142,11.7275789308389,9.63420984393887,16.7664445300706,15.0339039765624,11.8029895603266,14.9466749948789,25.4389342430259,61.6503254585859,0.112346304774148,0.160839784458906,0.474585840229315,0.158777057332375,0.116342759551999,0.274500985350529,0.14588011097481,0.141402603582569,0.159695185859489,0.103681168050577,0.180565534849196,0.10867434270106,0.17350944412046,0.308968934424152,0.317149105767491,0.110251380258113,0.122142056677843,0.090250762211965,0.104630897666895,0.103745012558539,0.119612464831951,0.175016383059593,0.158312083966441,1.37150449111,3.36482586407907
"17-LAG",0.975362601091552,0.391407412049618,0.0468170595992877,0.0419802277742693,0.989161325953413,0.937474578510058,16.1399237437937,15.9921872965036,17.6250348357305,20.4002846492897,14.8844884879541,15.305248815015,14.13475743757,17.8943334199887,17.0859937993006,15.7194291958131,18.472377144013,13.9371683703118,18.0108849592392,16.01225992766,14.4042048954614,15.0279292883922,11.7630254994811,12.7325674535068,10.3558925965231,16.0330062845981,16.8184303666999,10.2315026141339,13.4367262117629,26.4645828231694,62.3924500878786,0.107571193823771,0.14652058822102,0.540630921767676,0.159731195419553,0.114817023493998,0.255681419130046,0.150049101506853,0.13596663844671,0.168501244538953,0.106493856128529,0.190155732196175,0.118993291895342,0.165341713849625,0.327152749042401,0.265077317038138,0.111273346826094,0.123282803658055,0.0979466426325891,0.118699781754399,0.0941063256913161,0.127626494205656,0.176678071108759,0.161678973224606,1.38437936813285,3.31224305526491
"18-BOL",0.974956225780786,0.570991409803553,0.0404671346985637,0.0352047081592246,0.98902998969961,0.896104663897292,15.3385696573252,15.9945141431846,16.7467190009178,17.3771713300474,15.1109704780604,15.6224380097824,17.681854857729,16.3523395292859,18.2422903029677,16.7465000514966,19.0445881196171,15.1810733043543,17.5872062324701,15.3677933069122,15.6089936392824,15.7820215103935,12.5267543099142,11.7131878520974,10.9494567063536,13.5299406550475,14.8283493966465,11.2961278058686,15.0202579291682,25.4374562067239,63.3561093824177,0.117998875969748,0.159317001174969,0.501350598314354,0.16373614645037,0.114834617638201,0.269259529844976,0.153770225877049,0.129830610509049,0.170577059634119,0.103588165526743,0.196962220170935,0.115430598921196,0.165288491579565,0.298566757403251,0.296896604885221,0.100089855395186,0.127133867716256,0.112246762019999,0.121896633189617,0.0997958198066956,0.120126082402164,0.183966130192341,0.162766184153806,1.2661423193989,3.24374460479574
"19-KTC",0.974486387671677,0.905301881946638,0.0217071263614961,0.016017815858314,0.988868122923786,0.961794573845382,12.2146069294208,16.6562370976122,18.0219440642162,16.0968095312732,12.573826133699,15.1728528419457,18.9788667423403,15.6893282321782,17.7012838436203,14.7173341103879,19.4800053716996,16.8250289481028,15.7577466910031,16.4581133591803,15.1209547408483,16.5842418857671,11.7161519955132,9.81444132705909,11.0646946317734,14.3142778268022,14.5323713087169,11.5549906562185,16.271253307322,26.4835687895535,61.9507739459897,0.104447327790738,0.161766394492616,0.49548587949253,0.170380735627276,0.126311506452588,0.274080568547256,0.14092812658881,0.132609975166605,0.157515148073681,0.108162723341628,0.204927854484509,0.113542440244836,0.161093194969242,0.322433123096265,0.316017586746057,0.110394147554259,0.132991320503426,0.103592448567468,0.113044215431138,0.102623109398791,0.115907060272958,0.169482622689503,0.15655097368165,1.35527184839586,3.18303792181616
"20-TUM",0.974785295680436,0.642661077132298,0.0383797201717151,0.0296471403030743,0.988911197200679,0.887345811749356,13.8014455716911,11.2501327394661,17.9756156691648,19.6833925055695,14.0649864510359,16.1664354672004,11.4904965513251,16.6587017929744,16.9071519318396,15.8313535762466,20.5994845030625,16.8512719728585,19.4848352870615,15.2921572237344,15.0215206405151,9.54097411107808,10.5188725262369,11.5742050005558,11.5136214234488,15.9243922421681,16.1142171493669,11.8403727848256,15.1840664207281,24.7808778377588,67.3316914623665,0.108981403089398,0.13914146061523,0.512012967926048,0.168575507750872,0.130940582475952,0.289526764126622,0.151218000224549,0.134018125040324,0.16745790949162,0.10693157536162,0.182756447484756,0.112835558776701,0.153573823486202,0.293645039799909,0.26185042654336,0.103640673015258,0.132415945251024,0.0935044310266909,0.110964759657224,0.0977312042443906,0.120275313579485,0.17576187222419,0.154109037233631,1.24329745225372,3.3586533357236
"21-KT",0.976920442787251,-0.315847859556535,0.0679460805395592,0.0615323095689044,0.989798807192356,0.874786192047768,9.95089094172792,14.2914094262568,17.8590772657288,17.9225895011982,12.3082197184067,15.3324847403388,14.9539053599222,16.4118758685955,16.6749901728569,18.5602350000046,16.7585969201523,14.7562774039109,19.5448175938122,16.1398145943083,16.2871246026122,13.9528847248425,10.4530624123591,10.9332586535032,11.4384730333235,14.3069330145785,14.4650717150355,11.9514471189832,14.9667006417659,26.4323892612038,66.9515580025332,0.11207264645283,0.158351465815674,0.478800258119291,0.147771334495835,0.131854810666776,0.248759237165641,0.165743130020361,0.150734702116373,0.168716253338274,0.110307721456085,0.200808571667921,0.115087535031699,0.168253095687206,0.344151875598717,0.3081191260968,0.107953617454143,0.116951017917041,0.0872730239253963,0.0993512725785144,0.10167779478876,0.108284036901347,0.199373841485567,0.14677572176046,1.44225197561346,3.22072754825405
"22-OMI",0.975264907800649,0.758690611172419,0.0326591201963806,0.0278040270446458,0.989108793767816,0.913575029471746,10.2907166091759,10.8297518293853,16.6523535578972,15.4244735010695,15.1904902259398,15.8428857372728,17.679161674911,16.4110660347395,15.6759892642584,15.4112472064218,20.2995037937984,14.9642203290624,16.9418562658904,15.8030878374624,14.2588203412708,16.3920483841895,9.51317399887422,12.0283092918713,9.69464321322204,17.4898514429464,14.9382970961733,11.1723754671479,13.3627561482353,25.212942450511,62.3840219239012,0.110758486480643,0.139817581302941,0.510118506615995,0.180442691119004,0.125809345015084,0.286494082554304,0.159004127373705,0.149110911253941,0.169733524345954,0.101447094543168,0.18708506979248,0.105398241395456,0.174107782496459,0.280182523611989,0.249139717209179,0.10564777631678,0.13043071291896,0.104290222618322,0.12172338122224,0.101157196228526,0.126372732228817,0.195959077046663,0.1670939767916,1.31798786400499,3.27840073921127
"24-KIL",0.974977507799473,0.853633466431207,0.0253825004976477,0.021089664692591,0.989026300092853,0.932944214693303,12.8449826153326,15.2626480134722,18.081480582715,12.8319077190416,16.746851417566,17.4095404354491,15.6411263878675,15.3595713514436,16.9025560950063,16.2349410681225,18.2907598391896,15.9521599648603,16.1338415404359,14.655223893171,14.416082456571,14.3541559056498,11.7129932569179,11.8544662533494,9.46727054772003,16.810668679494,14.9025146854272,11.4319226827439,15.4891626140942,25.5983175221417,60.4476995344432,0.107717501481332,0.157277225333897,0.515033576107341,0.148219627654311,0.127744571020839,0.279028444915173,0.143237201793485,0.113818511776522,0.178721736846374,0.107177702208606,0.179857033717174,0.118709683399492,0.151822597560792,0.30856760135081,0.274586050470347,0.115151035328074,0.131578548276042,0.103597474959128,0.11072926491064,0.0974720886853804,0.122839597197704,0.155901900246847,0.170131378785519,1.37700705621417,3.19895313871503
"25-CHU",0.974405326966238,0.763391228503177,0.0323645423284539,0.0268528291788313,0.988787052358487,0.910276495607119,14.3489038030739,14.4504995359361,18.5736020577536,18.9334840603658,14.2419592263173,16.0081236234958,15.8233980106903,16.801313676428,16.6639721026106,16.3164544088571,18.7532899773923,14.9506457644345,16.0899483195685,14.2022807898789,15.154639042841,15.3553549674981,11.0946558382949,10.88190827984,11.124928606617,16.1011931027694,17.9466901117844,11.2865498141978,15.3932449632917,26.0163270783437,68.4853506124389,0.108559323057841,0.166401103732299,0.460703140068203,0.141435921369271,0.119732934588913,0.308849536703921,0.154213978033055,0.11987151017509,0.176440921983804,0.0978389263926747,0.192790976976608,0.109167340029857,0.161133987722502,0.267286926816376,0.259176751455502,0.107104134051906,0.125257762800672,0.100911499644985,0.120544480968879,0.0919595452912052,0.123813427223037,0.170542359511239,0.191684684954607,1.3046414775571,3.24481693808626
"26-OG",0.974188988524857,0.69010179520906,0.0356853444306916,0.03000012820949,0.988700461181383,0.887745003853827,13.7174679593309,16.2119049840673,16.3122478737747,17.9149224740109,14.7384410088625,16.5706837242977,14.8033878882905,15.3139326503295,15.3442657206787,15.6585934752835,20.2550153117917,15.3437077138015,20.0436740999249,15.7533954967663,15.417978784157,14.9653981923222,10.8487895932332,9.9070298621643,11.3016618098264,15.3223596736258,15.2838243791316,11.7982507064812,15.2710562846986,25.9196329536659,65.3984442795056,0.113626548950051,0.142178866731068,0.465396641538504,0.149389138856925,0.120338918606319,0.306598488407611,0.160386782308964,0.122197642056219,0.148123178876248,0.0990481280670279,0.193588335199802,0.108577482521584,0.165009043264241,0.232972420409456,0.268849176232278,0.111187237120477,0.140501769876464,0.0914168960143999,0.123034737123106,0.0988181403112414,0.114613010332147,0.167781438554573,0.169507565961955,1.30673601386701,3.28316888255291
"27-OCA",0.974685649620214,0.825083700431487,0.027740220674953,0.0228190298494381,0.98887904046804,0.927229149623934,11.179872031085,14.0018016931271,16.7919638042197,17.5806751522556,15.3644457807231,15.2995787231813,14.5873663524461,17.9081811385305,15.7854671876773,15.0785946272914,17.9077150757826,15.4108012392854,17.3570881962123,13.9892838250009,15.6331603114701,15.7324043890344,11.4216752122741,13.2210762143643,8.79072632959849,16.0925778524825,16.2266974378919,12.2732046674632,15.1726967187822,25.7549751257592,63.4973859617996,0.103644415718526,0.155017752400123,0.498353865325301,0.167436912146582,0.125479839044185,0.287103033082582,0.154571750814798,0.127475765446107,0.16020971047118,0.0989403986936232,0.201523103927993,0.121070440366163,0.15734560005221,0.273302462344638,0.272086744194163,0.102468677192018,0.126040783950302,0.100576502339696,0.120850403952793,0.094858368792785,0.12194704062976,0.172364625461573,0.183934059814331,1.32144954114566,3.24283600649536
"28-AKA",0.97441294680108,0.892936233662243,0.0229734927583284,0.0175202866400234,0.988816992447231,0.962548455991686,13.8786470227393,12.5486420370416,17.7247995700475,15.3500344243764,17.5599455147987,16.7256178301899,17.980455288053,17.3032179665962,15.8112552481675,15.286675606853,17.1978672447586,15.2527774511789,18.1257928924305,14.8642836888805,15.8762264198869,14.1010730624738,11.7736021822535,11.7568862078152,10.9216956569148,15.5136851319818,14.015881133764,11.3184532941241,16.2835683007086,25.8969003016314,65.9968904338379,0.102045321307484,0.14300148395702,0.504599894415512,0.158610954549436,0.128770359100039,0.324889315685909,0.14465497149862,0.120456055985657,0.169939108161872,0.106664527224966,0.196556802956341,0.107505719061937,0.164272172159305,0.295110442483678,0.314456175330269,0.113231743303029,0.121766405728875,0.115545843724171,0.115994031028757,0.103344286642764,0.108070803063721,0.170981726101863,0.19117700402402,1.30837150815619,3.14512627808986
"30-OLE",0.974207555872767,0.861909864670127,0.0229112014208183,0.0192231941433752,0.988707090388947,0.949683491152575,13.9865688942066,15.0862263786311,17.4508352105332,20.3455300936734,15.5147568713296,16.1400106327432,17.5227533481733,17.1524513604983,16.3017081203684,17.8639979896909,19.1530531996677,14.2560869982908,16.0790845232439,16.090940645012,15.0812098627373,16.333207271888,13.475989745624,10.710789153557,11.3910020866777,14.4272405769988,16.0193103311597,11.169985802531,15.3385646078565,25.9372778672385,66.390907089668,0.102090145188264,0.15092474237217,0.488085177902861,0.152111927828699,0.12242456988434,0.301599047477469,0.143967941437827,0.126047276877022,0.158978583377744,0.108147949211687,0.18522028122909,0.118827680629813,0.16807754322339,0.30600269329248,0.28780569420714,0.120809320737989,0.134351116759835,0.10204660786354,0.115326154544893,0.101216686678473,0.117985566271218,0.167032184313731,0.167719830856,1.23593865227781,3.26704730523463
"31-ACA",0.976294779584763,-0.309751693472013,0.0568743136756394,0.051485729709526,0.989622025497717,0.894837661856319,13.7372682134449,12.6899181945702,18.5825222239719,18.756809928548,14.2265867222059,16.0811617058889,11.9061480186449,16.3776562365814,14.9938467829369,16.5447127534717,18.4618949573075,14.4597765539056,15.6042917954341,15.2646866419256,14.9214880193646,15.6813649333014,11.4228806105723,10.0506933099151,9.94097068611786,13.9336511739321,14.8650038519311,11.860250221433,15.5776523984083,25.8657769567449,63.8417890059194,0.102684519969171,0.15294017061522,0.501033363905829,0.170400887363912,0.112247118156215,0.29049703694233,0.140744286957304,0.128405351155335,0.183294679739767,0.106320421062776,0.187912887485315,0.112754580987202,0.160273443842102,0.337321332654359,0.279463451427753,0.11158409890869,0.117721169982335,0.098048779349525,0.117571191645624,0.0984668658507904,0.126068492288382,0.176980306918649,0.168494244383136,1.3677672062347,3.32776591849055
"32-APU",0.97544457942524,0.550049658634176,0.0459242555227866,0.0409315463561983,0.989331358680161,0.900588099664791,12.938582041279,15.7794402870418,18.1716129078461,17.1623632278258,14.4243206077823,16.637258390403,19.7586655430751,14.9455058085468,16.4500003557271,16.0058737698491,18.420544483261,13.3940653617647,17.965885101689,16.882809725762,15.5763957357688,12.0644760663355,10.2745608005177,11.1703475781492,9.56119256737193,15.0706100258638,17.1432619228353,11.8824117187491,16.2011979450006,26.3511376269295,64.596693647508,0.120787358141634,0.155793139073856,0.526297868100623,0.157546520735833,0.113331127858478,0.315805452937535,0.143817037152248,0.119167441080441,0.167494389759354,0.103411500372059,0.195534385994809,0.114428499646368,0.161784599291351,0.349082400635035,0.279632531200477,0.110527962699084,0.11371012456998,0.0935169290005607,0.11397869029376,0.102374439983401,0.115604873585548,0.169553933624092,0.153554640705459,1.24385147568821,3.21074310693849
"33-AP",0.97513904234738,0.660833751122873,0.0361588522723663,0.0307876825416044,0.98912626435654,0.897722797326018,13.5073437538405,14.9888236745316,18.2910072115141,17.3326652712091,15.3480514373294,16.8414690942191,17.586429246363,15.4575878914254,14.3803573146321,16.3116278831081,19.2043754884633,13.5896147212682,17.9235058582732,15.4390005236249,15.7035155216154,13.2671839872404,11.826832454394,12.2475691601428,10.4828405310329,12.9147222788697,15.5857006877061,11.4882955543256,13.5707749661157,25.7757156659619,61.4786195877324,0.103428595824403,0.16801408064042,0.497746489135152,0.163538801412974,0.127211374085174,0.317717599287678,0.147181786913473,0.138516515216836,0.175241835547965,0.116198591265755,0.199322870420492,0.114714404931679,0.162362500989862,0.342581093558092,0.300546298856441,0.109580276319539,0.125606120016806,0.102729766263287,0.111243780513889,0.106328825645524,0.123726808993531,0.171968981048985,0.164388439984117,1.25853534074917,3.24816463567963
"36-UGT",0.974402785890579,0.879656736519233,0.0264291356168542,0.0208189795435975,0.988807292196515,0.95628244403481,14.1578469037539,12.9787264327193,16.6823320805467,18.3797342673311,13.4549121957697,16.7242595809154,12.6018884255024,16.4940512263123,16.3215949729527,17.3414936597421,18.6411469851178,15.2325817632141,18.5134172939578,16.325638342434,16.379812907862,15.1722831570522,10.5312187943838,10.3752433096493,12.097564383478,16.351858931014,14.3737186584728,11.1910051121328,17.8455719834327,23.6754104380299,69.5556668281217,0.115631541360098,0.150691065661278,0.442087046410095,0.161328832829432,0.123440158692015,0.33890006636702,0.144869908460604,0.116125887648629,0.173957308842867,0.100051504078121,0.196557470783797,0.112609439770394,0.163020421693209,0.346526617720357,0.31607453579678,0.108820295250022,0.113881995608139,0.0981872180147597,0.10677312720165,0.0960807023537001,0.119893683341181,0.166218104770451,0.139689086018449,1.29174915682018,3.27410754092411
"37-OT",0.974760015601801,0.863800585262289,0.0246606475254762,0.0172156567826893,0.988925861837426,0.935901208740244,11.7682940863941,14.9995217872738,16.9306755320948,17.6893122936016,13.8123652157994,15.6005296021358,12.8529580284552,14.2232692199302,16.7636129613608,14.7005521238189,21.1113021014141,16.4664289510775,18.3394284451322,16.2587818446261,15.3432266325198,16.7781922912046,11.4404954475852,11.0445521002607,12.0627906437424,13.1374022962469,16.9268692819191,12.328932602513,15.885792281776,26.3411372485423,67.3064952055829,0.110891808810104,0.159560250598736,0.456760462813738,0.165120800723479,0.13302250045149,0.28308588672429,0.145492290848532,0.125284874681171,0.165515922086942,0.106503287245975,0.206578403506051,0.105216649551394,0.154432014670122,0.37357611771472,0.307701301491662,0.108145242311632,0.128560173310785,0.103535522590599,0.118612910403827,0.103692045106553,0.11754205850009,0.176268976063998,0.168813140118875,1.27653519893205,3.30489961387193
"38-OCU",0.97465324262792,0.881102185373776,0.0262254392818637,0.0193390908572686,0.988982784125934,0.951732021137687,12.1856953124476,12.9445933364286,15.9157849921936,14.0901064764165,13.4276524435167,15.3119261430149,16.8261550169185,18.2666907000744,17.0289864657304,14.7582024671767,19.2271498134604,16.3606163669178,19.2911014865451,17.4974708905747,15.5129084953183,11.0861204609991,10.5855273864386,10.2236541213705,9.45278641868596,14.7556953272425,17.2141083307719,11.4633886761162,13.6017255487539,25.9649283916363,64.4287722830127,0.107974145010453,0.152204115920504,0.482298454343312,0.17358317119558,0.116962082093604,0.318712830088565,0.150008914238432,0.13635519199316,0.166450720567156,0.110700093683028,0.19736223609588,0.107382157414024,0.164010684944389,0.373334301520874,0.366744382162248,0.113286844508727,0.134572808164188,0.0982328793946984,0.126348700644597,0.103380147565704,0.113010127651672,0.18347560543858,0.16679121497584,1.29978584317629,3.06868897136432
"40-KAG",0.974498744172143,0.846965584912857,0.0278484918342062,0.0212476984570837,0.98889000349456,0.943228207625484,14.8146198768586,15.9973334408091,17.2749016750895,20.6320749518969,16.1360266055222,16.3296361750556,15.7923832595675,17.5662801188023,15.0776156773663,15.9378744182731,18.1206769670963,14.3701149164543,16.6976703979264,16.4750583774401,15.2958815821632,13.3105846451373,11.5000967808046,11.9821580517666,10.993638369833,15.323220890534,18.6821983775708,11.4688686734483,14.1812230426025,25.6312291749326,62.3270778188263,0.113079237332953,0.165787021400522,0.454429337450573,0.152617692531767,0.119803795656862,0.281221248224693,0.148017894452342,0.124130507438793,0.159636856797199,0.0989807790485272,0.203208144131104,0.109886737360012,0.167099280557213,0.356840754445098,0.334414801583198,0.106865427456145,0.127593463581749,0.117108155098609,0.112376553333261,0.102138220390484,0.12286506005786,0.17906589069606,0.165880609851673,1.32063675977897,3.1838848220699
"43-OS",0.975324935221266,0.686130550967551,0.0385273988144638,0.0284633191295942,0.989118221557767,0.842907280679385,11.835004731119,9.14398622208903,17.7946011474235,17.7972715968485,13.8586929811367,14.6386801503721,13.9449957064633,16.1644594348599,17.0545857838066,17.7386595963442,20.4906982727651,16.2304479761113,17.7409717522904,15.7625924127685,16.1094695393486,12.8000939289057,11.8365624452414,10.2824035030044,11.6615765505063,13.9062350854653,15.8371941014182,8.82155101916255,14.7003782648046,25.2870323102541,58.6484328630939,0.106293362544567,0.159075971926504,0.473065760922978,0.163441831317986,0.134917159742825,0.264008994550358,0.157450989736541,0.133752484887296,0.152707760611699,0.104961593809879,0.181364643950842,0.113537834410173,0.160543233965028,0.396521065677773,0.351394548200026,0.115517388607062,0.121045097935077,0.097734704683534,0.112056654345386,0.102095228273001,0.115814145306557,0.117805114272909,0.173295811703064,1.3593030287369,3.22313837334775
"44-MK",0.975098261732315,0.728058496676804,0.0482455551040386,0.0437897377914701,0.989129245803996,0.9633912643086,14.2661715453348,12.196530845391,19.2365375696338,17.1252177386004,15.2823648627273,16.0521576896187,12.4805568994546,15.7089751762139,13.4382947136908,15.2919240121166,19.1680403745695,14.8354207915357,16.7087144357292,14.3251404007938,15.5827443389541,13.5268939064053,11.7446627880735,10.8768677113598,9.69868125039646,15.9863621150181,16.9790811205501,12.1944948600949,14.0972711570112,25.9161333388836,62.3611877275919,0.108000265140357,0.170647641717491,0.551888295834444,0.162807239676449,0.109166971320677,0.228833502076005,0.154505286258084,0.131783954254871,0.161641376604293,0.107863441587044,0.179591021705328,0.131660372286386,0.153429878110603,0.270056368367193,0.280321107163094,0.116848523046785,0.122363403360349,0.0999143908227433,0.109678954063663,0.0950034145072466,0.109887476126814,0.258733134760819,0.146899337117035,1.19489584000294,3.14694674545932
"45-BKD",0.9753480882931,0.795986682781759,0.0335001415954322,0.0263283984428731,0.9892221887357,0.916459698277915,14.9708842016426,16.701555809717,17.1392535788201,19.0828274919792,12.1862926288457,14.7522615147724,14.7761249910992,14.9122640253187,15.3506430403508,13.2610585614087,16.165030318509,14.2093499656789,17.5442767573515,13.9543863005703,15.8475880930512,12.6823445842876,11.7430750902729,12.4250804754973,9.45005833718401,14.5739627700694,16.1845043108391,12.26194074116,17.238515734091,26.20170808852,64.5389261607655,0.113065372612758,0.168177113393423,0.520840523601267,0.16464745174238,0.122026246447895,0.262839713002726,0.159001351771928,0.134315300676353,0.170427803894823,0.104260756035973,0.188099458824838,0.115506164424297,0.164241423132902,0.278138211305431,0.287185114130871,0.118144749279642,0.122009090737319,0.103023351606005,0.11142559491649,0.0981074048595925,0.121250392316783,0.239417271089897,0.154930475545407,1.27866216834988,3.21825813452284
"46-PT",0.974497264615082,0.89177305421221,0.0278310128384228,0.0195038884642513,0.988926164839593,0.959756265017336,12.0976990533363,13.1891643405391,17.0296235699702,15.6616642621902,15.290564987684,15.2881651423168,16.4981061719345,16.5585121265269,17.6552348697851,15.213045907585,18.8211043479155,14.7445995176061,18.6633151666519,14.5302717569022,15.1375598092837,13.3905244479444,9.9527137458851,10.5651151949511,10.2575364656716,18.427526555664,16.5105443015002,10.6623265152671,15.6162853298482,27.8064564838605,58.7939931292406,0.0995423870304294,0.155300201472366,0.546834878218598,0.178966294320739,0.134119613124887,0.285131407547739,0.163872053299678,0.128626076269355,0.170869712000185,0.106158552269043,0.1878743886598,0.129563276023638,0.153250755646685,0.308647495382482,0.300662637840084,0.109653833746876,0.129148353184954,0.0990994368351244,0.106862015896667,0.101339711258719,0.122788175891053,0.169967664028873,0.164906052067767,1.31470950236384,3.0801439221602
"47-BK",0.9745471439729,0.832397594147462,0.0342301112073074,0.0260562921426658,0.988905307857699,0.958044562842049,14.890513196954,13.9233234326967,17.112591554947,14.2921930051253,16.7715235729152,14.5787811628391,15.955262456594,16.8286335383576,16.6118998002567,15.5611758918522,19.5635282521314,15.8589644994231,17.6865342983169,15.9946278743438,14.7712857793461,15.4459360065776,10.2389693674517,8.46714305114855,9.99617547325102,16.2332403809271,17.0844685605393,10.9175151165538,15.7571516857627,27.774858043277,65.8801407583542,0.104459957805727,0.156223222117011,0.511409108663271,0.171447761404375,0.137789105281651,0.282528091534668,0.157919103487042,0.126891142976793,0.16039513112265,0.11193395990682,0.181700356718981,0.116740538216219,0.157695137088991,0.308316943969417,0.30723462525136,0.113390516603222,0.105659292606379,0.0962743884748918,0.116666724381748,0.0984184733059516,0.120742385059018,0.171463144928768,0.1435601588139,1.31928087064202,3.21339694522785
"48-BN",0.975561514949467,-0.219247862385572,0.0555527836607986,0.0483662263946772,0.98928428231006,0.797963028244294,16.0084324693278,15.5809503312103,15.4186189031874,17.1207533086168,10.5149018100533,15.0660569933806,15.5784258300479,14.030588418017,15.7854879094377,16.9061766304674,20.0504004501793,16.4064832749127,15.8580815815256,15.3565343947567,14.7821167036529,17.6702440189884,12.8696140530237,10.2196046330497,11.1720194409249,13.957659726111,17.6812793048505,11.0637248510342,16.8764543431715,24.9043778530867,66.6927527940494,0.114687339439702,0.156283549824831,0.478560081330343,0.148992548472838,0.126095618877789,0.27714996127029,0.139212139810484,0.130610523852946,0.155852677262065,0.104840485401355,0.210711232737513,0.10461189637067,0.148550410023112,0.335154065555176,0.291658847456672,0.1125624218218,0.126741270189152,0.107438073196757,0.120341494128115,0.0898905643841061,0.122222885172379,0.202581828559852,0.170446696849604,1.29663788524743,3.38567001289502
"51-MF",0.975081948088169,0.658728250856144,0.0464209800431112,0.0380615915795294,0.989244867822678,0.865031811156202,13.2166560409966,14.2361421476141,16.7180466094063,15.8784956999351,14.5347241877793,16.4384418306481,20.6107456213649,14.4158868585831,17.5572474467632,14.4593291330653,17.945631771568,13.51790364859,18.0104410440578,15.0254973086198,14.6085090618423,15.64937144104,10.6382303764026,13.2570586991801,9.39929602685793,17.7601109681288,18.0333670796451,10.9417077313324,14.6427804535247,27.8067858233166,60.8695729937973,0.113676752038467,0.145943019868094,0.501583036730007,0.15746929586773,0.116713637439016,0.270515464566341,0.139245796319203,0.120763876725472,0.180819949619592,0.106839868662548,0.196234523837786,0.12137942018889,0.167462453652775,0.294589507042613,0.294188837749849,0.110568941155795,0.122966344387249,0.103646606749688,0.108037405679092,0.107354579986916,0.126972402336784,0.185065453380888,0.156433575687373,1.37032159923503,3.01154278685701
"52-KR",0.975385110175452,0.617497846170424,0.0489010251216159,0.034865877287512,0.989328824124356,0.857231393026489,13.9108888490542,17.4060333910897,17.2532744269813,17.7826460477043,14.1707940291808,15.9413032610548,18.4827686606385,15.8972757227731,13.1317500525146,18.9267028960715,19.1416782682262,14.5033746323783,17.9546881373664,14.2351075876827,15.4278006330822,10.6058341747978,11.6342239439447,11.4968147269679,11.6074472361401,13.3778501536896,17.7277311554341,11.728890332718,14.457388040786,26.5561805142897,63.052136700752,0.114699459951427,0.153676676130903,0.52699810608506,0.149717176621102,0.118656249185768,0.267979053575366,0.144341079028805,0.118587226701573,0.168366646486278,0.112603862983481,0.200376805544144,0.105730788002163,0.171419704486389,0.302401872955467,0.272587630422685,0.112667992829306,0.127532906452597,0.111806204188645,0.114359695637497,0.111944474718435,0.131849445256343,0.180027281645789,0.159323885382919,1.34584038193964,3.10049735397652
"54-MS",0.973603551318253,0.318042414013947,0.0592120492146269,0.0525851878646998,0.98842970934191,0.92427939557902,15.82630977516,17.1048287050719,19.5250533815055,15.8671102545358,16.8893344905076,14.2455307130995,17.7064584696463,13.9161841892264,15.3596214049714,17.1889100010359,19.9051956239794,15.5988856321006,18.0882750515395,16.8500502216766,16.2586741897027,20.1579412046476,11.7918070468108,13.1878098215449,12.645337185362,17.2499753298517,17.6631821657414,10.8325430795074,14.1935990877245,25.8013393675382,65.4505369019439,0.100364025464076,0.151134194207371,0.451866527311733,0.163101330642956,0.108352981952315,0.240283228299071,0.153103843465394,0.116358078769237,0.174533200594346,0.0913277914513171,0.191083375249267,0.10029537529676,0.1022364173321,0.272923614178693,0.230662675626625,0.101475606888809,0.108388990357457,0.0882377321375861,0.0939899971829337,0.100108220671301,0.118193563908846,0.179783199101949,0.155843830946507,1.21808690120046,3.09458978207889
"55-KAF",0.974452132912683,0.678196497660589,0.040362048509497,0.0340938640599554,0.988846802884459,0.847177828293128,12.210918861866,10.0068294522898,16.6393547549629,18.491694857741,16.5743762010362,16.3666346649552,13.9496241221652,16.5730546681023,14.5383213331521,15.8709590985288,19.4342768749487,16.6712114718256,17.1178953956017,15.5356734226595,14.9004266023935,14.7787979520356,11.0257148955095,9.62929120181018,9.82860344136921,17.2353583114469,16.3293017662244,11.0887316914482,14.4181396472674,26.389429225014,64.5507928171168,0.112047315341964,0.140752808808262,0.46242783881489,0.16164189943719,0.120562799711247,0.273580432677352,0.151299546880269,0.138942999789714,0.149983488146659,0.108313787050969,0.185579570445683,0.105727150505114,0.157270531014232,0.292008533419719,0.278790785227407,0.0963907716422395,0.138897755180892,0.0920587847847069,0.100839467345007,0.102832550800818,0.114912986730142,0.185344808059441,0.163782272216513,1.20772240524387,3.19854104408055
"56-MA",0.974115925818632,0.836368402710216,0.0419404322429361,0.0251417947150205,0.988657368795285,0.943887878844706,12.5215533741638,14.6344681425736,16.7484382843311,11.760123224768,13.3828830933393,14.1959175194136,16.9297247444947,17.2063108702977,14.4431701371697,16.6973522122974,18.4264709226597,15.9469924566146,19.0810438979839,16.3443532316069,15.8653946141707,15.3091961392588,10.1030500912857,12.3637169659515,11.1192083948174,16.2562976625706,16.9675628532358,11.4095165558639,15.4170916228734,27.4362480688793,63.974231512012,0.107249360450451,0.140458414883803,0.49713617502421,0.147066803112397,0.101883483566818,0.253100176185614,0.144829539730437,0.139505433265196,0.158576523368697,0.105981367724145,0.194129947299199,0.11233575985303,0.16818739021599,0.302116549254441,0.335084818407431,0.103978674547675,0.129681243290188,0.0965355721644657,0.109033231258288,0.0953323204371825,0.115189385186007,0.195225497318549,0.158675725894246,1.35518754554262,3.08518762048287
"57-KG",0.97385452333931,0.847053939748536,0.0411806515100919,0.0255751297743751,0.988494873238937,0.942803543466427,12.7502688612298,14.9539615914496,17.7934156348743,16.504285801218,12.3710276338177,14.7590387665599,18.8103549923217,16.5636153460615,14.3234498757038,15.1486585997504,20.0155330861244,15.9104686185076,17.8171177276149,16.3132912319044,16.5531377486585,14.9547352932951,12.4183095812277,11.2560512996389,9.50627713590645,16.8096742190403,16.3650491891261,11.7192154254994,15.8250457445619,26.3308367011777,66.8177729073593,0.101927797229974,0.134582008626149,0.508936565433278,0.145300302423061,0.112072627157291,0.2241006995627,0.13728991112177,0.129525219624623,0.159206217834368,0.102224840672724,0.189061963304165,0.114189762750172,0.149853759781061,0.346234135151456,0.30926137592725,0.0964437922604422,0.123798313645506,0.109270462741743,0.109001314807895,0.0947103116095421,0.117595542647241,0.174062972036414,0.163370831067875,1.33781472967171,3.1474531092956
"58-SS",0.97501121461998,0.761077189245693,0.0495089066052294,0.0332376532422054,0.988993411500398,0.925951142472995,11.8542980688537,15.0653756513536,18.1019974096178,16.5702752913051,15.1510567447818,14.705012236103,17.8679623542233,15.5358098339731,15.7391884254843,16.4165474936148,17.3653837101313,13.5409924819371,18.4010231697378,15.2154859998795,15.8630296597733,15.9422797793604,10.1280023533081,9.46174524578577,12.5080404188763,15.7307188249301,14.0983558063537,11.2670569463453,15.7163229407261,25.6310398722712,61.3703720661085,0.0959443656762231,0.115110056282344,0.542139353854553,0.155588437243814,0.105635032688912,0.22899563067595,0.13712850973734,0.14186764799873,0.166359489001948,0.104974554779305,0.199391805658684,0.115442138967129,0.134191941105996,0.341623037057497,0.307696522183228,0.0937255020109809,0.134032257915743,0.0989542586315296,0.118466446286985,0.104608805488216,0.122722427105282,0.181579362550019,0.16397351484556,1.38798340261538,3.09848115573384
"59-EB",0.975141220610409,0.827471113696431,0.0323576916730113,0.0261691890005688,0.989187975466769,0.920081232125078,10.8655191081078,14.2076722034771,17.7944095670787,16.4608294359639,16.2652153527056,15.0406455829982,17.7124188823255,16.5723925051707,17.2134604272961,16.3961356068259,19.1917259766745,14.6409777574309,16.7878280752533,16.2211721502601,15.9720116133863,16.3511271336485,11.9014855459218,11.7844987362667,11.1429169598963,14.7115163560618,17.3617842060581,10.6145433860225,13.7160921984785,26.858129347065,63.3058652732558,0.101561834143166,0.151573280443016,0.511006945892913,0.175067631245109,0.119571868058884,0.263486273931689,0.141505612254844,0.141360918048406,0.167716154855408,0.117542797692614,0.189391601247219,0.116964365883771,0.164760608211494,0.3447401824393,0.340460341879892,0.106712093559817,0.122382708273001,0.0985838692732746,0.114361830356339,0.0989331418369846,0.119332429889374,0.18117132763047,0.156010052508336,1.33885645278089,3.16957796066291
"60-NA",0.975118108404909,0.842912865964372,0.0357500821247003,0.0301737503626648,0.98917348340131,0.93836340653531,12.5892287587171,16.3871638526586,18.7924022296381,20.4090383189927,16.5090813298664,14.324088169878,15.6971327122918,16.7322245302823,16.0324825272379,14.8351269695567,20.0105227272368,15.8466300659165,17.1655070205467,15.5005659534237,15.3484250247215,14.8924126001071,11.8266258834479,13.9179018083635,9.61327616674321,16.3072273607864,14.2584227415262,10.6940440304784,13.9528168954207,24.7698242085322,64.099566698038,0.0967743380254063,0.141460603614483,0.521027063411809,0.179488271172921,0.120496668573635,0.249867263637686,0.142127484529902,0.122571129060412,0.174526759974048,0.111384816786113,0.193829859932452,0.108721227351847,0.149315936499631,0.342224122199739,0.299335992089148,0.112024865392636,0.122572358130655,0.100284895512579,0.11086284394702,0.107101095614992,0.110272382636081,0.199283210689153,0.171481880379574,1.27407481486019,3.23660488239245
"61-KO",0.9743758601749,0.918366599006493,0.0304201483150262,0.0243317638266207,0.988865620840652,0.977946359461783,11.3378180672448,11.9296558901322,16.787213099401,15.5554512336549,12.8866969906383,16.0052635576187,16.9070376432149,14.1313838400935,18.1769051970942,16.3205748512164,18.5173863170506,16.2529155362221,17.9865030900798,15.5600862424339,15.9333553867374,13.2351048245837,12.3072490543677,10.3562694659486,10.1695241794845,15.6211889674124,18.5039867107944,10.9266053522546,16.2186921759687,24.8875618475126,64.5393352967484,0.110818402272219,0.140084582691287,0.466523620465907,0.167727880778318,0.114367129688843,0.237823566374075,0.138626847069602,0.131164146444771,0.168258028877763,0.121889193802756,0.200625591330685,0.110985371944631,0.159172181482876,0.344921162745191,0.325727874391503,0.121159878981277,0.122351223550389,0.105086815164159,0.112055626337277,0.104773912948466,0.11983429823846,0.178812098186838,0.148784448667907,1.20613692617837,3.25665915335958
"62-NS",0.974632974260456,0.909672424235514,0.0285885749559593,0.0235459476112558,0.988897763100208,0.974383040322526,12.4206254776665,12.5967167401599,16.1886565296986,17.4633097114827,15.285362071606,15.3711340948872,16.3026455542604,13.7274506228568,16.2364643439431,17.0052972740387,16.4336980361826,16.7514135101177,16.550243530231,15.4598893663156,14.5374387423378,14.8841108426478,10.3736765183661,11.155347509895,9.67967231067195,19.0783648259714,16.3155646297321,11.0831060634563,16.0207473589001,25.7169734248072,64.0143654951289,0.0924917427688042,0.15912287476651,0.468961000270328,0.161781998349836,0.120252013491562,0.260080746028791,0.144985785591401,0.13005696701446,0.153166730874852,0.10787694119057,0.178928201862527,0.117411788458566,0.155265100438908,0.309260635863342,0.295816924436256,0.113258312602055,0.126313052909086,0.106685219518574,0.11456691788163,0.102727885320804,0.141740502872092,0.184808984526277,0.152637786421807,1.23510577450875,3.33110242179903
"63-DB",0.975151446438241,0.893117232093766,0.0338298570076514,0.02790072882405,0.989140687606322,0.957036689545762,10.5179590009571,11.2133845467138,17.2346219385886,15.4158400724216,15.0525450662826,15.2479076423811,16.0432081415588,16.0042295704499,15.6157034856395,16.0559861618452,16.2537520990833,15.917721679333,16.0259556660568,16.8472649204323,16.3264291287168,16.735946722207,10.7418866738751,11.3344295398596,10.5173578645072,14.7559617941395,17.8036726943473,10.3858223826305,15.9759548897247,25.3358735000101,64.148927788827,0.106252593105761,0.157579961940909,0.464725057492711,0.165433238717663,0.115172392212791,0.263611117313269,0.142258504079291,0.14025404071323,0.166116486738878,0.111163532600311,0.19393291962878,0.11451041770486,0.148157387582935,0.351556676338114,0.339454274583466,0.112252719120365,0.122526495471342,0.106067274073914,0.107629881282665,0.0968100463077961,0.131224632310848,0.147011341461833,0.15133657574878,1.21258886845172,3.25430665246563
"64-KL",0.975379272981665,0.79719047511152,0.0406913465123136,0.033651715287857,0.989283203827041,0.939369715361542,10.1001478579015,10.384707547564,16.2296566950092,16.3302596444212,17.25701902809,16.1636763234234,8.64335833636763,14.1513835807996,17.9025868239172,14.9867065615336,17.6713107290302,15.9006712454272,18.0456199827703,16.9146825100307,15.6071476747166,17.2523100440633,9.40589363846872,10.1456739065983,10.0392974912222,14.8788803377372,14.6492706597337,11.330500326023,15.4079180973413,24.552597518967,63.5723553779352,0.100931341665056,0.14654469984276,0.496593036366592,0.173928877109479,0.12526970932135,0.245556398326344,0.137790747119991,0.131022293530313,0.177948560585504,0.105640384981402,0.185118387955502,0.122572826719733,0.152979016763584,0.345824945748292,0.344947177005032,0.101286885536077,0.118505552403472,0.11225232334936,0.123582105510607,0.0973054362388153,0.122262780991354,0.176146273151951,0.16667646410565,1.32507608919051,3.1302371196489
"65-BZ",0.974097382473733,0.896089126596503,0.0288806752865313,0.0219605077242724,0.988685157435769,0.947400467181488,11.7632878694218,13.913083384541,15.5568773210412,13.6973984118979,13.177827084848,14.7425257822031,16.8799492968864,16.4199661040293,16.7888507822648,12.7171167091487,17.7305305277205,13.691629058678,18.5382495147586,16.6899898419556,15.3874388715519,16.2384416981274,11.6622916104337,9.05021747603358,11.2091028321581,14.4517608554184,18.3967524897543,10.0874534872537,17.3412300688229,26.1850803274605,62.692246506626,0.11838492000463,0.169316219143222,0.46697368382666,0.178350097032793,0.128787302952897,0.251889295713664,0.1486827794948,0.125737848703316,0.166655006772733,0.102431854354348,0.191806150491612,0.126448601455748,0.163449642641254,0.313218614765491,0.336918998635234,0.106597034295693,0.13675533617628,0.10377870364093,0.108805798676802,0.110671381448562,0.133707129126704,0.152939385027131,0.14801114161202,1.30987365551367,3.15084744331056
"66-BY",0.97488636457293,0.757032202813352,0.0471358566890308,0.0380930622369513,0.988922790510325,0.918381311571329,13.711018926753,16.5934582566735,16.732483391786,19.3096698312318,14.1203400793377,15.3506965198682,12.9238158233904,15.6118330439361,16.6513988945997,15.6306784917714,17.5299042826034,16.0369582550847,17.7406106655807,15.6210653134135,14.7942210053005,15.3817908822892,11.7753030995672,11.2227023966048,7.22061146028105,15.5836088862497,14.9167514797499,11.2416943553673,14.561225020816,25.9157115146786,68.6310812410213,0.11689190546881,0.165836819766349,0.474271255959749,0.180138945569332,0.129250105011631,0.24135700807824,0.162728801817217,0.135766799613756,0.161249457015146,0.112130722789731,0.188714695746661,0.119331262820305,0.159028662079144,0.349269997976557,0.307592259656705,0.106430124648013,0.11941529752335,0.0962822146794351,0.110501958817646,0.0967763542933555,0.122429170996532,0.165590039519322,0.11885866457439,1.30623614285907,3.21458036618835
"68-LI",0.974759866633923,0.855373088651682,0.0365625319159095,0.0293920396524513,0.988978734718537,0.945863156076446,15.9025707745086,13.7159668068964,16.290637180492,16.3634296246092,15.8800855434953,13.1986168821793,12.8375947482194,17.1960995795519,13.9671759079427,16.792373686663,19.1403752228556,14.8650680542457,19.3545637798152,16.3413091502115,15.0332550549659,15.3024961567164,12.525894985321,10.1675248759233,9.40272811224138,18.1170685430917,18.7572239919729,12.9916940403032,16.6289973037683,26.0397729461641,63.8534111624572,0.0997741482114058,0.172732675299419,0.4499032243985,0.173705518158292,0.129960071779229,0.269488466841226,0.158580034295704,0.137234340297997,0.150506093074533,0.10370889310062,0.170699287757905,0.110982485405143,0.155699482776809,0.31844688216273,0.309256612093576,0.0960390095194243,0.123993051158202,0.0930012137759106,0.107000193333955,0.0978341030756848,0.125361030088876,0.223234984358821,0.148903639937591,1.19917659006845,3.28537140334272
"69-BV",0.974443980548925,0.924095236487546,0.0239244787671207,0.0186380579107222,0.988860064708614,0.967882525151419,12.8595417970968,6.75735436167267,17.1371586739507,18.3516154850037,14.485683395767,16.7888513119114,17.1014975954217,14.0832966264167,14.9638533311366,14.6902105170092,18.9107670678777,15.1547189425272,17.0446376478875,14.8969505408444,15.5303739551155,14.2037547269223,11.1521449668189,10.3313215827147,11.9153073027175,16.3630250977213,16.6497433911921,11.1809155662824,12.6004473484737,26.5366536914812,63.9648525602763,0.093810725778488,0.156592007275233,0.497456662567246,0.176213210943604,0.129991460253078,0.305732517267806,0.140467597409624,0.13784331263272,0.168322988850879,0.108885842863561,0.195036225827382,0.122874485381362,0.159067699744747,0.335932939899263,0.281593873136783,0.0991116327642462,0.118509125590281,0.107405684962143,0.11566519065914,0.100970684150547,0.120629537710435,0.192326323408292,0.158173714051495,1.33918398147307,3.11718406300463
"70-MGG",0.974599807766233,0.877690172218261,0.0343367400364728,0.0254651244493368,0.988907615106953,0.946025239112047,12.5098294978607,11.8697626215491,18.5228053155284,15.7448490918244,15.1838422018259,16.1642492219432,14.0019440372037,16.1703937008816,17.5909266815999,14.7384979923069,17.662080898019,15.6163550352642,17.949360235505,14.7743636355175,14.9144891081563,15.2706615551527,10.0970295174602,10.1469647044537,10.8466847806141,13.8365176712803,12.9306413779098,11.2151298078741,13.4968593297522,26.5767051354111,68.1404170848371,0.106730807768342,0.167435668761685,0.46325988690558,0.176901058563642,0.124327745068679,0.295579806630534,0.149128154098006,0.135617774256466,0.158902115039904,0.102711303988082,0.175880934162566,0.117144428127587,0.167998978413975,0.360954735138014,0.294656946649873,0.10304950061456,0.125315248127901,0.100863762781352,0.108306934927826,0.101032472074071,0.115928347238404,0.184848720309526,0.163121405151005,1.25287221391222,3.16782867593456
"71-BD",0.974912528746354,0.844321191270245,0.0335998350855674,0.0279804480959061,0.989078313097603,0.923688631624222,13.4008079344723,14.6888216581526,17.1967406172358,14.0073552711868,17.1081755317166,14.25712313991,11.1090337292429,16.3508587572255,16.9344248853561,13.8685088028324,16.9736399853566,13.5217105276169,16.7732599404245,17.0658969416921,16.0451402992362,17.3397084000403,11.1513794978895,11.4052525224625,10.7182349488131,16.7593423382123,18.5136550996877,10.8218568635355,16.0958513784488,26.1869515846658,62.4530716520675,0.108658337085438,0.157592248905357,0.476056527000577,0.176391943303593,0.118386908544713,0.290687825196505,0.143530118337984,0.134786091258505,0.17290519976356,0.112819478501228,0.199041581584719,0.118111951030343,0.164277063087757,0.38058914370485,0.324664924953487,0.107124362784651,0.12329391611266,0.0917035699659922,0.10900391327336,0.104445247005261,0.110755952095339,0.197918251540532,0.167345510897323,1.36953776379514,3.04157261369443
"72-JN",0.976344858808595,-0.179883010244966,0.0618145397770625,0.0497558579126032,0.989547489646371,0.585370758195389,13.1217937677379,9.96567626589247,16.070705255296,20.8797240772747,12.8262098071505,16.3317100293023,19.3473239854241,16.1945194899459,17.4740872303053,13.0732669013918,19.9482415043032,14.5597429297373,16.2967640266556,14.0975700090492,13.8551424615459,15.6331745747217,11.3557665811747,10.0643729830094,7.93774381212715,16.8259919198882,17.391272007304,9.86036697312113,14.1115991554103,26.4299374923959,57.5424229500241,0.103051103428873,0.16510203214278,0.469470531330189,0.169906497850026,0.12875820596499,0.270569966845695,0.146772750817068,0.128248360933403,0.17205058957926,0.106529588592834,0.206066555785831,0.122356463041827,0.154032996316348,0.325336388356608,0.294105605706237,0.110110357320962,0.146553550430921,0.106918616544366,0.122194166162854,0.0967194710045989,0.132397787748227,0.171820644578799,0.144385131371,1.45343648756158,3.2009833756091
"73-IGG",0.97535254135206,0.719782057173299,0.0470778636500481,0.0351015910086121,0.989290962632673,0.923047608833947,14.5549616287001,9.65110823430737,18.7416486226458,17.1288414251601,14.1055654741247,15.6744749741651,13.8029737919246,15.8767173494722,18.6293193919261,16.7934356711008,17.5530944927078,15.462290791375,18.4781974565216,15.2481967071337,15.5036541389726,14.8358897587699,11.5436844228016,11.5370824501981,12.5554689842368,16.7476467906852,13.9177680975631,11.2510062808373,17.6556890039515,26.4527803879546,62.1387344049912,0.122322330606225,0.14979164296521,0.458680455719644,0.158764994134545,0.128648160786336,0.282409384599991,0.150450501798452,0.129485304576961,0.169224772705262,0.107201915829518,0.18710099853285,0.129343776150474,0.164322737224167,0.359725667795464,0.282687780709633,0.113910212426277,0.138554040953333,0.0912511192879247,0.102171535636847,0.0930460305309828,0.115484383762351,0.171873495296901,0.149971808709718,1.36383257164877,3.16113644491304
"74-NAM",0.975366266963282,0.812088837452256,0.0341931904288963,0.026846757371539,0.989176277724475,0.907737681799946,15.1636073885395,13.4653135731158,17.3339283353766,18.9974197434331,11.1742772910087,15.2211315073292,16.1926090562188,15.121029236709,15.8689969488156,15.5592148354391,17.8370597435626,12.4490166083711,16.577356175669,16.6844786078105,15.7652727992225,15.0334730165819,13.064159139643,10.2797166820417,10.1565208623828,15.1036417662497,16.4539648919864,11.6610592820964,14.0496181748868,26.7350668567638,65.7199639880441,0.104761183991718,0.164977181288409,0.46511456950757,0.160059172160669,0.124126877683874,0.325141290762174,0.157723792389392,0.140068362763263,0.165623920499422,0.109920211631234,0.194930504933367,0.118230569204579,0.160721912520842,0.352792652247093,0.296689844950374,0.111618322212002,0.122479905622686,0.0955464158585404,0.110851954544495,0.0956429733850876,0.111800432921727,0.161703870243901,0.150687783542669,1.33200535838775,3.23298364864919
"76-TB",0.977126099170503,-0.33398806442615,0.063859713904186,0.057377903622009,0.990100187005822,0.809985919883948,12.5258566086853,10.3998126423129,16.847067815183,18.4788006644152,11.6874866096545,15.8504718763371,12.5849777924399,13.1174376913502,17.4861262461253,14.6315594974888,20.311712439969,13.6368833982403,17.6427292037704,15.2363907757866,16.2928608158761,16.4714721463189,12.284183697762,11.5863337437303,11.4864967367491,17.8723107975666,15.3711426142027,11.8281108587822,15.3524264094401,25.841035538264,67.2524364101167,0.109906662859496,0.152378368168637,0.521285001180753,0.165532661635159,0.130140619449791,0.250722298457706,0.155970252743383,0.136035930716641,0.173517301709549,0.104125311585558,0.196683581786275,0.10724858633711,0.145067499610389,0.302349989283759,0.348064863858736,0.110272805616218,0.12428588058362,0.0900595032480925,0.121755643633768,0.104761094203082,0.113886607013302,0.176063289644486,0.154488312334258,1.33214343727933,3.27841969659178
"78-OK",0.976899004112817,0.354357658071172,0.063908647529693,0.0498729086904146,0.989842430512225,0.885800151825437,14.9629329027452,12.3833755236571,17.5407481509795,16.2712098811338,14.8704340262072,15.880524248993,16.4441304324419,16.7378170903657,14.3143024061574,16.7803537095821,19.7451174977788,13.6893973966858,15.974291647077,16.6604057775277,15.3712259775292,12.5454396561964,11.8300343496531,12.7935248751074,10.7263019119297,12.6281952627613,14.7816378494632,11.3731069924651,15.4150428638251,26.935412398024,68.2021726788078,0.119075260194744,0.158114429157925,0.453645946290347,0.156080054573263,0.119119540379814,0.296600180394946,0.151267082879118,0.144334179816211,0.159364735679014,0.102728283070871,0.176983462084704,0.118790617080199,0.160053581247963,0.369332678232813,0.287675307127021,0.115084213601376,0.117324409341769,0.100595716445129,0.121035486497015,0.0964871187577615,0.110597258858367,0.171866603484746,0.167463356370693,1.29999613867861,3.2316721630594
"79-BU",0.977412001763205,-0.00600550219575369,0.0772517002316982,0.0671246701145544,0.990124893147277,0.820761729737786,11.6254153843602,11.8956310729689,16.5912437838438,19.2301114622442,14.2824564567359,16.6182679423407,15.9797126198203,17.6461296762055,17.0613564908326,16.8182718508202,19.1042805981868,13.7490721269456,16.6170525849805,16.0644495672246,15.5000627740009,12.4739587991424,10.1847929831452,12.5625027256874,12.8802783549753,14.615831847275,18.7583080534267,11.4912301362905,17.3103456690296,26.6097627780572,64.2514932443161,0.0950406772929883,0.148252652718068,0.42075081317735,0.164616771830445,0.126136026310953,0.28047510733925,0.137499033094626,0.127642547012378,0.165721975360904,0.118218601294832,0.17625185233664,0.113237922369186,0.152682070822326,0.34011325929256,0.27811263185155,0.105364021389571,0.121863955318399,0.0873583902973487,0.107701028266847,0.0986383191414312,0.136193087438121,0.172442507681276,0.157182493026388,1.37528036669549,3.31520588401197
"81-BUD",0.976343543731841,0.0626920123290611,0.0582173242258105,0.0462184021178314,0.989642456432272,0.810361011473466,12.6268814055869,14.3207079829366,17.5334830576601,22.7056421405531,15.5180075058729,16.07363265959,17.8084409638134,17.2876337966772,16.3335555989733,15.2640042620955,15.3209228193001,15.0906788867166,18.0476709257165,17.9395095792992,14.6423058853809,13.6520591390362,12.563049916574,10.3612302783782,11.8816299442229,17.0268281260607,17.5478656506731,10.8372474017183,15.0396751848781,26.5124084515961,69.8667984776046,0.10605961220805,0.136877706677473,0.48133566385182,0.165186723573487,0.115817660016917,0.290381969166148,0.160947557708271,0.143888545509771,0.159212094099302,0.104710882016352,0.182545621241972,0.106837996738316,0.150040428012102,0.35175271768505,0.27196922391456,0.108132682032789,0.12346947778394,0.0978312083692547,0.115826610335677,0.102274108718088,0.116228480593584,0.167088604975392,0.171181776113448,1.3010994569609,3.30901134015275
"82-BON",0.975054602922397,0.0443533225929976,0.0486251392003437,0.0427909902677076,0.989097252890453,0.897911377874983,11.3921358838965,12.7902447854886,16.9949127584051,18.8579088980144,11.6523625581401,15.2181660612259,16.5251340343419,18.3501925233786,16.6448930594261,15.6709308776287,16.9447982996813,13.9398352267046,20.9272008592762,15.9394679872994,14.4341330339543,14.8705435355176,10.6649007377682,11.4387380290009,10.2440519159184,15.244284682088,16.9480478496907,11.9938926710502,14.3004626974403,25.3943849846305,63.3619985117851,0.105621559708562,0.142688926475084,0.50400132383047,0.155556056249327,0.1215736160005,0.257276100544603,0.149231127327665,0.123698068996966,0.164377765743714,0.0977659401490893,0.190662128324178,0.110356170277458,0.15537345368606,0.319637650954924,0.308926101015306,0.0992329405446722,0.132892211490344,0.095859383302313,0.11433090375807,0.102966020490556,0.10954369849738,0.166139347302147,0.170714105436471,1.23790891418177,3.34325678329888
"83-ND",0.974863252185356,0.621389474067336,0.0428054370492894,0.0337901667160947,0.989047088427872,0.797624154617288,14.1677079041266,17.0001059300667,17.3126498413302,19.2944232666256,13.1614416785294,15.7646953044695,19.4806804554011,16.5776111873284,14.8775801927815,17.4990770107784,18.5572927280217,14.7046854959847,18.8324378928122,15.6501168508255,15.2045120675111,15.5446279279009,12.5718336621317,10.9117202910847,11.0179361431076,16.2761966176775,16.7096584105516,12.0556829911798,16.6612691838998,24.7512316729676,62.1547966032017,0.112246685388082,0.144983082862188,0.497341723473912,0.162724543512261,0.12276709801607,0.308286304036515,0.142384811930949,0.131981238478687,0.158443125219443,0.110638318749266,0.182403311698892,0.109180862773195,0.151469259635025,0.321404370074386,0.295078597060637,0.107723184391566,0.108625614495647,0.090099472878065,0.112196772998299,0.105360289254558,0.116515619689463,0.17510113620826,0.168482566511741,1.29785461141929,3.22523766705353
"84-MAN",0.974407111387554,0.794441002595962,0.0295112229600842,0.0244170893647762,0.988805264023945,0.928973195683045,13.8664788646359,13.3078051753152,17.6267276941559,17.1506441730625,12.8440925252986,16.8616789140267,17.5674368763963,16.4362633748909,16.6394455421084,15.7104084888633,19.1580916051484,15.4800620208402,19.6325922891281,16.0952813536171,15.7827986552342,15.42194832175,11.8928882666031,11.4368075996013,9.77953287527669,15.9565666881393,16.5378580465643,11.9248748934719,16.4031001763453,24.7259637551487,62.459595315723,0.1070874065408,0.146352432374978,0.474051654562642,0.151761632557826,0.113692908680995,0.279994158321729,0.14589981799874,0.131493927629002,0.165517434711091,0.106058392445445,0.179422058221598,0.11652315340396,0.159708682706137,0.325903445675697,0.292224829837956,0.102351337153491,0.122229709846615,0.0952141583275843,0.1249675981277,0.106650910366736,0.118681934801603,0.167594346801029,0.150927727197858,1.1801489135094,3.35532143365757
"85-KSS",0.974876908040998,0.881253234981771,0.021690102221878,0.0175246028320469,0.98909112623513,0.961730889775511,14.0151551577118,12.7604049087107,17.9385351811612,20.7382221126723,14.1800668179827,14.5162406018796,19.6311808040598,18.1950106537187,14.9655186212856,16.2396655419363,15.1652312347084,17.224961078439,15.6702176472783,14.5250968519655,14.9178475104825,15.2159060241689,10.1838669961363,11.8452324697702,10.9852365102311,14.3316190838216,15.4100962146157,11.9885319923743,15.435504626242,25.2304122235841,64.0473053482706,0.0989787917368666,0.149590034377855,0.435757345904866,0.156478093848559,0.11866916323714,0.259905436085256,0.143365824759164,0.126985127317414,0.16649744601295,0.0982220152084669,0.200945767009902,0.117030277466863,0.169946774728184,0.319985787208401,0.276001247622154,0.11146722623158,0.129325673696856,0.0970018209161773,0.102277029261786,0.101756822881606,0.12586236563641,0.179854164734684,0.16891534840888,1.26992409909349,3.29814909311547
"86-SUB",0.973965404723035,0.584553097723083,0.0440922170881241,0.040980235681302,0.988604732252471,0.971342525801776,14.4242905171159,15.1187124395767,17.9594248517328,19.5718506587111,14.4485025229375,16.2290951721354,19.4719669847252,15.5291406188646,15.0556422533098,16.2702280670575,18.3577693914496,13.540167266126,17.3544377730821,15.5678193799802,13.734355238233,18.2869057106159,10.6367100254171,10.7308218910295,9.95080678586214,17.8645703855819,17.3398125397361,11.4375738193877,14.749692685009,26.8431100416748,68.1900357515157,0.0907315630362006,0.126110746971976,0.430952393109102,0.148249669182728,0.108655056833064,0.268509858596112,0.134883678180488,0.137102277594985,0.157729926626089,0.118242491718901,0.17449176154294,0.104798994432618,0.17524444549293,0.294756079969456,0.260199613503318,0.0985084906288118,0.12129466409541,0.104340462086157,0.10492149581644,0.0915295070804531,0.116272320701023,0.17112466199382,0.155573391814896,1.29582866546606,3.2003052637092
"87-KAR",0.974078729609607,0.813286694144353,0.0285318564792226,0.0228577326402804,0.988668658437222,0.91639649640057,15.858987761652,15.7118863066918,17.9032311609612,19.3375419291078,12.5318193488721,15.258721925866,15.0280135124146,15.8611274891825,17.1786155664849,15.3623104309787,17.6959186154765,14.9131794663921,17.8564698897546,16.104700151911,15.1431759812704,14.9682636010648,12.6215968395111,11.1566373667505,11.3048959227086,18.0618779537201,15.7333269480859,11.8899851333024,15.4829940139454,27.227606772894,67.7069382179046,0.0984044308355788,0.137424556140293,0.431701575789637,0.145560894391495,0.102610647908412,0.29090113769682,0.12909374793296,0.133743941178591,0.164891042969828,0.10758589091384,0.187102132721925,0.110715460558577,0.161852936217162,0.320343882267778,0.274405379929328,0.123660749343126,0.115161498399253,0.0925796862657976,0.110311484173045,0.0983692605923682,0.11798712693974,0.156385139449728,0.171248365298225,1.30608068234502,3.2211643806612
